{"version": 2, "width": 108, "height": 35, "timestamp": 1698093180, "env": {"SHELL": "/bin/zsh", "TERM": "xterm-kitty"}}
[0.062509, "o", "\u001b[1m\u001b[7m%\u001b[27m\u001b[1m\u001b[0m                                                                                                           \r \r"]
[0.138063, "o", "\u001b]0;jamie@MajesticMoose: ~/workspaces/jvt.me/tmp/asciinema-demo\u0007"]
[0.138341, "o", "\r\u001b[0m\u001b[27m\u001b[24m\u001b[J\u001b[1m\u001b[31m\u001b[39m\u001b[0m\u001b[1m\u001b[35m\u001b[39m\u001b[0m\u001b[1m\u001b[34mjamie\u001b[39m\u001b[0m@\u001b[35mMajesticMoose \u001b[1m\u001b[35m\u001b[33m\u001b[39m\u001b[0m\u001b[1m\u001b[33m\u001b[39m\u001b[0m\u001b[1m\u001b[33m\u001b[39m\u001b[0m\u001b[1m\u001b[31mjvt.me \u001b[39m\u001b[0m\u001b[1mtmp/asciinema-demo \u001b[0m\u001b[35m(\u001b[39mgit\u001b[35m)\u001b[33m-\u001b[35m[\u001b[32mmain\u001b[35m]\u001b[39m % \u001b[K\r\r\u001b[?2004h\u001b[0m\u001b[27m\u001b[24m\u001b[J\u001b[1m\u001b[31m\u001b[39m\u001b[0m\u001b[1m\u001b[35m\u001b[39m\u001b[0m\u001b[1m\u001b[34mjamie\u001b[39m\u001b[0m@\u001b[35mMajesticMoose \u001b[1m\u001b[35m\u001b[33m\u001b[39m\u001b[0m\u001b[1m\u001b[33m\u001b[39m\u001b[0m\u001b[1m\u001b[33m\u001b[39m\u001b[0m\u001b[1m\u001b[31mjvt.me \u001b[39m\u001b[0m\u001b[1mtmp/asciinema-demo \u001b[0m\u001b[35m(\u001b[39mgit\u001b[35m)\u001b[33m-\u001b[35m[\u001b[32mmain\u001b[35m]\u001b[39m % \u001b[K\u001b[45C \u001b[46D"]
[0.876627, "o", "g"]
[0.977581, "o", "\bgo"]
[1.041778, "o", " "]
[1.178726, "o", "r"]
[1.264699, "o", "u"]
[1.418374, "o", "n"]
[1.462536, "o", " "]
[1.632225, "o", "m"]
[1.761606, "o", "a"]
[1.814651, "o", "i"]
[1.969283, "o", "n"]
[2.044573, "o", ".go\u001b[1m \u001b[0m"]
[2.262764, "o", "\b\u001b[0m -"]
[2.35902, "o", "1"]
[2.46985, "o", " "]
[2.77031, "o", "-"]
[3.130002, "o", "i"]
[3.333761, "o", " "]
[3.722344, "o", "-"]
[3.805253, "o", "a"]
[3.99876, "o", " "]
[4.094405, "o", " "]
[4.438386, "o", "\b"]
[4.59459, "o", "-"]
[4.756213, "o", "t"]
[4.838298, "o", "0"]
[5.115892, "o", "\u001b[?1l\u001b[?2004l\u001b[K\r\r\n"]
[5.119242, "o", "\u001b]0;jamie@MajesticMoose: go run main.go -1 -i -a -t0\u0007"]
[5.237114, "o", "\u001b[36mLet's just run `ls`\r\n\u001b[0m\u001b[36m=\u001b[0m\u001b[36m=\u001b[0m\u001b[36m=\u001b[0m\u001b[36m=\u001b[0m\u001b[36m=\u001b[0m\u001b[36m=\u001b[0m\u001b[36m=\u001b[0m\u001b[36m=\u001b[0m\u001b[36m=\u001b[0m\u001b[36m=\u001b[0m\u001b[36m=\u001b[0m\u001b[36m=\u001b[0m\u001b[36m=\u001b[0m\u001b[36m=\u001b[0m\u001b[36m=\u001b[0m\u001b[36m=\u001b[0m\u001b[36m=\u001b[0m\u001b[36m=\u001b[0m\u001b[36m=\u001b[0m\r\n\r\n\u001b[37m# First, a `sleep` [1/2]:\r\n\u001b[0m\r\n"]
[5.237227, "o", "\u001b[32m> sleep 1\u001b[0m\r\n"]
[6.240151, "o", "\r\n\u001b[32m> ls\u001b[0m\r\n"]
[6.246428, "o", "go.mod\tgo.sum\tmain.go\r\n\r\n"]
[6.248991, "o", "\u001b[1m\u001b[7m%\u001b[27m\u001b[1m\u001b[0m                                                                                                           \r \r"]
[6.351616, "o", "\u001b]0;jamie@MajesticMoose: ~/workspaces/jvt.me/tmp/asciinema-demo\u0007\r\u001b[0m\u001b[27m\u001b[24m\u001b[J\u001b[1m\u001b[31m\u001b[39m\u001b[0m\u001b[1m\u001b[35m\u001b[39m\u001b[0m\u001b[1m\u001b[34mjamie\u001b[39m\u001b[0m@\u001b[35mMajesticMoose \u001b[1m\u001b[35m\u001b[33m\u001b[39m\u001b[0m\u001b[1m\u001b[33m\u001b[39m\u001b[0m\u001b[1m\u001b[33m\u001b[39m\u001b[0m\u001b[1m\u001b[31mjvt.me \u001b[39m\u001b[0m\u001b[1mtmp/asciinema-demo \u001b[0m\u001b[35m(\u001b[39mgit\u001b[35m)\u001b[33m-\u001b[35m[\u001b[32mmain\u001b[35m]\u001b[39m % \u001b[K\r\r\u001b[?2004h\u001b[0m\u001b[27m\u001b[24m\u001b[J\u001b[1m\u001b[31m\u001b[39m\u001b[0m\u001b[1m\u001b[35m\u001b[39m\u001b[0m\u001b[1m\u001b[34mjamie\u001b[39m\u001b[0m@\u001b[35mMajesticMoose \u001b[1m\u001b[35m\u001b[33m\u001b[39m\u001b[0m\u001b[1m\u001b[33m\u001b[39m\u001b[0m\u001b[1m\u001b[33m\u001b[39m\u001b[0m\u001b[1m\u001b[31mjvt.me \u001b[39m\u001b[0m\u001b[1mtmp/asciinema-demo \u001b[0m\u001b[35m(\u001b[39mgit\u001b[35m)\u001b[33m-\u001b[35m[\u001b[32mmain\u001b[35m]\u001b[39m % \u001b[K\u001b[45C \u001b[46D"]
[7.86083, "o", "\u001b[?2004l\u001b[K\r\r\n"]
