{"version": 2, "width": 108, "height": 35, "timestamp": 1698093629, "env": {"SHELL": "/bin/zsh", "TERM": "xterm-kitty"}}
[0.069977, "o", "\u001b[1m\u001b[7m%\u001b[27m\u001b[1m\u001b[0m                                                                                                           \r \r"]
[0.140697, "o", "\u001b]0;jamie@MajesticMoose: ~/workspaces/jvt.me/tmp/asciinema-demo\u0007"]
[0.141089, "o", "\r\u001b[0m\u001b[27m\u001b[24m\u001b[J\u001b[1m\u001b[31m\u001b[39m\u001b[0m\u001b[1m\u001b[35m\u001b[39m\u001b[0m\u001b[1m\u001b[34mjamie\u001b[39m\u001b[0m@\u001b[35mMajesticMoose \u001b[1m\u001b[35m\u001b[33m\u001b[39m\u001b[0m\u001b[1m\u001b[33m\u001b[39m\u001b[0m\u001b[1m\u001b[33m\u001b[39m\u001b[0m\u001b[1m\u001b[31mjvt.me \u001b[39m\u001b[0m\u001b[1mtmp/asciinema-demo \u001b[0m\u001b[35m(\u001b[39mgit\u001b[35m)\u001b[33m-\u001b[35m[\u001b[32mmain\u001b[35m]\u001b[39m % \u001b[K\r\r\u001b[?2004h\u001b[0m\u001b[27m\u001b[24m\u001b[J\u001b[1m\u001b[31m\u001b[39m\u001b[0m\u001b[1m\u001b[35m\u001b[39m\u001b[0m\u001b[1m\u001b[34mjamie\u001b[39m\u001b[0m@\u001b[35mMajesticMoose \u001b[1m\u001b[35m\u001b[33m\u001b[39m\u001b[0m\u001b[1m\u001b[33m\u001b[39m\u001b[0m\u001b[1m\u001b[33m\u001b[39m\u001b[0m\u001b[1m\u001b[31mjvt.me \u001b[39m\u001b[0m\u001b[1mtmp/asciinema-demo \u001b[0m\u001b[35m(\u001b[39mgit\u001b[35m)\u001b[33m-\u001b[35m[\u001b[32mmain\u001b[35m]\u001b[39m % \u001b[K\u001b[45C \u001b[46D"]
[0.617268, "o", "g"]
[0.674463, "o", "\bgo"]
[0.73884, "o", " "]
[0.873606, "o", "r"]
[0.930952, "o", "u"]
[1.096233, "o", "n"]
[1.155027, "o", " "]
[1.335739, "o", "m"]
[1.462668, "o", "a"]
[1.520055, "o", "i"]
[1.69174, "o", "n"]
[1.91962, "o", "."]
[2.062846, "o", "g"]
[2.149685, "o", "o"]
[2.283885, "o", " "]
[2.509715, "o", "-"]
[2.719966, "o", "0"]
[3.009811, "o", "\u001b[?1l\u001b[?2004l\u001b[K\r\r\n"]
[3.013047, "o", "\u001b]0;jamie@MajesticMoose: go run main.go -0\u0007"]
[3.140141, "o", "\u001b[36mDemo Title\r\n\u001b[0m\u001b[36m=\u001b[0m\u001b[36m=\u001b[0m\u001b[36m=\u001b[0m\u001b[36m=\u001b[0m\u001b[36m=\u001b[0m\u001b[36m=\u001b[0m\u001b[36m=\u001b[0m\u001b[36m=\u001b[0m\u001b[36m=\u001b[0m\u001b[36m=\u001b[0m\r\n\u001b[37mSome additional\r\n\u001b[0m\u001b[37mmulti-line description\r\n\u001b[0m\u001b[37mis possible as well!\r\n\u001b[0m\r\n…"]
[4.115909, "o", "\r\n\u001b[1A"]
[4.123409, "o", "\u001b"]
[4.153967, "o", "["]
[4.169239, "o", "3"]
[4.198554, "o", "7"]
[4.230041, "o", "m"]
[4.256531, "o", "#"]
[4.286876, "o", " "]
[4.312289, "o", "T"]
[4.349731, "o", "h"]
[4.365086, "o", "i"]
[4.386593, "o", "s"]
[4.390749, "o", " "]
[4.398005, "o", "i"]
[4.403321, "o", "s"]
[4.415775, "o", " "]
[4.431038, "o", "a"]
[4.436246, "o", " "]
[4.455426, "o", "p"]
[4.480771, "o", "o"]
[4.50431, "o", "s"]
[4.543528, "o", "s"]
[4.546875, "o", "i"]
[4.564227, "o", "b"]
[4.590565, "o", "l"]
[4.626848, "o", "e"]
[4.632159, "o", "\u001b"]
[4.658622, "o", "["]
[4.674045, "o", "0"]
[4.701335, "o", "m\r\n"]
[4.734635, "o", "\u001b"]
[4.7398, "o", "["]
[4.769281, "o", "3"]
[4.805619, "o", "7"]
[4.837999, "o", "m"]
[4.859324, "o", "#"]
[4.884761, "o", " "]
[4.887943, "o", "d"]
[4.913283, "o", "e"]
[4.93248, "o", "s"]
[4.93671, "o", "c"]
[4.954133, "o", "r"]
[4.972596, "o", "i"]
[4.977826, "o", "p"]
[5.005153, "o", "t"]
[5.042593, "o", "i"]
[5.043593, "o", "o"]
[5.059753, "o", "n"]
[5.095046, "o", " "]
[5.127483, "o", "o"]
[5.136469, "o", "f"]
[5.153571, "o", " "]
[5.155681, "o", "t"]
[5.19025, "o", "h"]
[5.193318, "o", "e"]
[5.225724, "o", " "]
[5.230014, "o", "f"]
[5.264399, "o", "o"]
[5.276639, "o", "l"]
[5.298103, "o", "l"]
[5.309259, "o", "o"]
[5.317722, "o", "w"]
[5.351064, "o", "i"]
[5.360433, "o", "n"]
[5.385845, "o", "g"]
[5.40095, "o", " "]
[5.421217, "o", "c"]
[5.438511, "o", "o"]
[5.47483, "o", "m"]
[5.489081, "o", "m"]
[5.515257, "o", "a"]
[5.517354, "o", "n"]
[5.542635, "o", "d"]
[5.571035, "o", "\u001b["]
[5.60222, "o", "0"]
[5.610405, "o", "m\r\n"]
[5.622646, "o", "\u001b"]
[5.66202, "o", "["]
[5.664008, "o", "3"]
[5.692477, "o", "7"]
[5.716784, "o", "m#"]
[5.725046, "o", " "]
[5.730164, "o", "t"]
[5.75659, "o", "o"]
[5.76685, "o", " "]
[5.773331, "o", "b"]
[5.787351, "o", "e"]
[5.792468, "o", " "]
[5.82669, "o", "e"]
[5.855233, "o", "x"]
[5.890678, "o", "e"]
[5.904159, "o", "c"]
[5.940574, "o", "u"]
[5.956064, "o", "t"]
[5.965269, "o", "e"]
[5.974676, "o", "d"]
[5.982985, "o", " "]
[6.016443, "o", "["]
[6.028766, "o", "1"]
[6.041058, "o", "/"]
[6.06826, "o", "3"]
[6.092597, "o", "]"]
[6.099868, "o", ":"]
[6.139207, "o", "\r\n"]
[6.147177, "o", "\u001b"]
[6.150565, "o", "["]
[6.17309, "o", "0"]
[6.174157, "o", "m\r\n"]
[6.192481, "o", "\u001b"]
[6.217972, "o", "["]
[6.242227, "o", "3"]
[6.252613, "o", "2"]
[6.256754, "o", "m"]
[6.293214, "o", ">"]
[6.298459, "o", " "]
[6.327848, "o", "e"]
[6.335164, "o", "c"]
[6.342229, "o", "h"]
[6.379515, "o", "o"]
[6.41084, "o", " "]
[6.44614, "o", "h"]
[6.472332, "o", "e"]
[6.489792, "o", "l"]
[6.494089, "o", "l"]
[6.505473, "o", "o"]
[6.513527, "o", " "]
[6.527763, "o", "w"]
[6.557261, "o", "o"]
[6.571302, "o", "r"]
[6.598459, "o", "l"]
[6.615563, "o", "d"]
[6.617743, "o", "\u001b"]
[6.645062, "o", "[0"]
[6.682459, "o", "m\r\n…"]
[7.538432, "o", "\r\n"]
[7.538542, "o", "\u001b[1A"]
[7.541403, "o", "hello world\r\n"]
[7.541485, "o", "\r\n…"]
[8.732433, "o", "\r\n"]
[8.732552, "o", "\u001b[1A"]
[8.772005, "o", "\u001b"]
[8.810199, "o", "["]
[8.843537, "o", "3"]
[8.870878, "o", "2"]
[8.882057, "o", "m"]
[8.915716, "o", ">"]
[8.955097, "o", " "]
[8.97741, "o", "e"]
[9.00073, "o", "c"]
[9.011944, "o", "ho"]
[9.046181, "o", " w"]
[9.076386, "o", "i"]
[9.078434, "o", "t"]
[9.082667, "o", "h"]
[9.117026, "o", "o"]
[9.137368, "o", "u"]
[9.150738, "o", "t"]
[9.185276, "o", " "]
[9.187269, "o", "d"]
[9.216871, "o", "e"]
[9.230258, "o", "s"]
[9.262658, "o", "cri"]
[9.277918, "o", "p"]
[9.283134, "o", "t"]
[9.308609, "o", "i"]
[9.336884, "o", "o"]
[9.355181, "o", "n"]
[9.360392, "o", " "]
[9.38272, "o", "\\"]
[9.409179, "o", "\r\n"]
[9.416337, "o", " "]
[9.451789, "o", " "]
[9.482004, "o", " "]
[9.497385, "o", " "]
[9.516779, "o", "b"]
[9.520864, "o", "u"]
[9.560247, "o", "t"]
[9.565529, "o", " "]
[9.571658, "o", "t"]
[9.584068, "o", "h"]
[9.604011, "o", "i"]
[9.627426, "o", "s"]
[9.66195, "o", " "]
[9.687345, "o", "c"]
[9.716612, "o", "a"]
[9.729973, "o", "n"]
[9.73097, "o", " "]
[9.734223, "o", "b"]
[9.741471, "o", "e"]
[9.756832, "o", " "]
[9.760347, "o", "e"]
[9.783631, "o", "x"]
[9.805943, "o", "e"]
[9.842244, "o", "c"]
[9.878532, "o", "u"]
[9.902892, "o", "t"]
[9.910227, "o", "e"]
[9.914379, "o", "d"]
[9.952834, "o", " "]
[9.95923, "o", "i"]
[9.97853, "o", "n"]
[10.008849, "o", " "]
[10.039244, "o", "\\"]
[10.067396, "o", "\r\n"]
[10.076668, "o", " "]
[10.108007, "o", " "]
[10.11012, "o", " "]
[10.13867, "o", " "]
[10.141804, "o", "m"]
[10.159062, "o", "u"]
[10.194138, "o", "l"]
[10.226294, "o", "t"]
[10.261729, "o", "i"]
[10.277825, "o", "p"]
[10.311047, "o", "l"]
[10.338422, "o", "e"]
[10.368587, "o", " "]
[10.402982, "o", "l"]
[10.43642, "o", "i"]
[10.442785, "o", "n"]
[10.44375, "o", "e"]
[10.446931, "o", "s"]
[10.452302, "o", " "]
[10.483543, "o", "a"]
[10.497913, "o", "s"]
[10.512129, "o", " "]
[10.543303, "o", "w"]
[10.579834, "o", "e"]
[10.606029, "o", "l"]
[10.635275, "o", "l"]
[10.658679, "o", "\u001b"]
[10.666896, "o", "["]
[10.677253, "o", "0"]
[10.6865, "o", "m\r\n…"]
[11.59868, "o", "\r\n"]
[11.598721, "o", "\u001b[1A"]
[11.601381, "o", "without description but this can be executed in multiple lines as well\r\n"]
[11.601492, "o", "\r\n…"]
[12.83416, "o", "\r\n\u001b[1A\u001b"]
[12.855584, "o", "["]
[12.869837, "o", "3"]
[12.872952, "o", "7"]
[12.906364, "o", "m"]
[12.919749, "o", "#"]
[12.920631, "o", " "]
[12.942034, "o", "J"]
[12.94739, "o", "u"]
[12.969931, "o", "s"]
[12.983207, "o", "t"]
[13.017633, "o", " "]
[13.026003, "o", "a"]
[13.054232, "o", " "]
[13.09357, "o", "d"]
[13.132786, "o", "e"]
[13.163235, "o", "s"]
[13.198567, "o", "c"]
[13.210805, "o", "r"]
[13.234095, "o", "ip"]
