{"version": 2, "width": 108, "height": 35, "timestamp": 1698093097, "env": {"SHELL": "/bin/zsh", "TERM": "xterm-kitty"}}
[0.062556, "o", "\u001b[1m\u001b[7m%\u001b[27m\u001b[1m\u001b[0m                                                                                                           \r \r"]
[0.142963, "o", "\u001b]0;jamie@MajesticMoose: ~/workspaces/jvt.me/tmp/asciinema-demo\u0007\r\u001b[0m\u001b[27m\u001b[24m\u001b[J\u001b[1m\u001b[31m\u001b[39m\u001b[0m\u001b[1m\u001b[35m\u001b[39m\u001b[0m\u001b[1m\u001b[34mjamie\u001b[39m\u001b[0m@\u001b[35mMajesticMoose \u001b[1m\u001b[35m\u001b[33m\u001b[39m\u001b[0m\u001b[1m\u001b[33m\u001b[39m\u001b[0m\u001b[1m\u001b[33m\u001b[39m\u001b[0m\u001b[1m\u001b[31mjvt.me \u001b[39m\u001b[0m\u001b[1mtmp/asciinema-demo \u001b[0m\u001b[35m(\u001b[39mgit\u001b[35m)\u001b[33m-\u001b[35m[\u001b[32mmain\u001b[35m]\u001b[39m % \u001b[K\r\r\u001b[?2004h\u001b[0m\u001b[27m\u001b[24m\u001b[J\u001b[1m\u001b[31m\u001b[39m\u001b[0m\u001b[1m\u001b[35m\u001b[39m\u001b[0m\u001b[1m\u001b[34mjamie\u001b[39m\u001b[0m@\u001b[35mMajesticMoose \u001b[1m\u001b[35m\u001b[33m\u001b[39m\u001b[0m\u001b[1m\u001b[33m\u001b[39m\u001b[0m\u001b[1m\u001b[33m\u001b[39m\u001b[0m\u001b[1m\u001b[31mjvt.me \u001b[39m\u001b[0m\u001b[1mtmp/asciinema-demo \u001b[0m\u001b[35m(\u001b[39mgit\u001b[35m)\u001b[33m-\u001b[35m[\u001b[32mmain\u001b[35m]\u001b[39m % \u001b[K\u001b[45C \u001b[46D"]
[2.017058, "o", "g"]
[2.079079, "o", "\bgo"]
[2.118419, "o", " "]
[2.255739, "o", "r"]
[2.337557, "o", "u"]
[2.492866, "o", "n"]
[2.535844, "o", " "]
[2.717427, "o", "m"]
[2.81814, "o", "a"]
[2.890891, "o", "i"]
[3.0387, "o", "n"]
[3.257331, "o", "."]
[3.475747, "o", "g"]
[3.567145, "o", "o"]
[3.789694, "o", " "]
[3.974222, "o", "-"]
[4.075211, "o", "1"]
[4.168829, "o", "\u001b[?1l\u001b[?2004l\u001b[K\r\r\n"]
[4.17224, "o", "\u001b]0;jamie@MajesticMoose: go run main.go -1\u0007"]
[4.324149, "o", "\u001b[36mLet's just run `ls`\r\n\u001b[0m\u001b[36m=\u001b[0m\u001b[36m=\u001b[0m\u001b[36m=\u001b[0m\u001b[36m=\u001b[0m\u001b[36m=\u001b[0m\u001b[36m=\u001b[0m\u001b[36m=\u001b[0m\u001b[36m=\u001b[0m\u001b[36m=\u001b[0m\u001b[36m=\u001b[0m\u001b[36m=\u001b[0m\u001b[36m=\u001b[0m\u001b[36m=\u001b[0m\u001b[36m=\u001b[0m\u001b[36m=\u001b[0m\u001b[36m=\u001b[0m\u001b[36m=\u001b[0m\u001b[36m=\u001b[0m\u001b[36m=\u001b[0m\r\n\r\n…"]
[6.415778, "o", "\r\n\u001b[1A"]
[6.435346, "o", "\u001b"]
[6.439769, "o", "["]
[6.44993, "o", "3"]
[6.465276, "o", "7"]
[6.491763, "o", "m"]
[6.514003, "o", "#"]
[6.527324, "o", " "]
[6.543667, "o", "F"]
[6.556168, "o", "i"]
[6.575523, "o", "r"]
[6.580025, "o", "s"]
[6.59338, "o", "t"]
[6.59953, "o", ","]
[6.605857, "o", " "]
[6.608155, "o", "a"]
[6.643658, "o", " "]
[6.644775, "o", "`"]
[6.663323, "o", "s"]
[6.691671, "o", "l"]
[6.722025, "o", "e"]
[6.736359, "o", "e"]
[6.76656, "o", "p"]
[6.771872, "o", "`"]
[6.791304, "o", " "]
[6.817652, "o", "["]
[6.841969, "o", "1"]
[6.856394, "o", "/"]
[6.878691, "o", "2"]
[6.885046, "o", "]"]
[6.920357, "o", ":"]
[6.950723, "o", "\r\n"]
[6.957004, "o", "\u001b"]
[6.977382, "o", "["]
[7.002509, "o", "0"]
[7.029878, "o", "m\r\n"]
[7.06521, "o", "\u001b"]
[7.079449, "o", "["]
[7.089647, "o", "3"]
[7.098873, "o", "2"]
[7.109148, "o", "m"]
[7.140267, "o", ">"]
[7.175701, "o", " "]
[7.197003, "o", "s"]
[7.236352, "o", "l"]
[7.275726, "o", "e"]
[7.304871, "o", "e"]
[7.313161, "o", "p"]
[7.350559, "o", " "]
[7.351626, "o", "1"]
[7.382916, "o", "\u001b"]
[7.388241, "o", "["]
[7.408491, "o", "0"]
[7.442941, "o", "m\r\n…"]
[8.56981, "o", "\r\n\u001b[1A"]
[9.57704, "o", "\r\n…"]
[10.915017, "o", "\r\n"]
[10.9153, "o", "\u001b[1A"]
[10.916261, "o", "\u001b"]
[10.917492, "o", "["]
[10.936994, "o", "3"]
[10.974176, "o", "2"]
[10.975178, "o", "m"]
[10.980374, "o", ">"]
[10.988681, "o", " "]
[11.018029, "o", "l"]
[11.031416, "o", "s"]
[11.0658, "o", "\u001b"]
[11.078157, "o", "["]
[11.111529, "o", "0"]
[11.141696, "o", "m\r\n…"]
[12.936333, "o", "\r\n"]
[12.936537, "o", "\u001b[1A"]
[12.943, "o", "go.mod\tgo.sum\tmain.go\r\n\r\n"]
[12.945231, "o", "\u001b[1m\u001b[7m%\u001b[27m\u001b[1m\u001b[0m                                                                                                           \r \r"]
[13.043162, "o", "\u001b]0;jamie@MajesticMoose: ~/workspaces/jvt.me/tmp/asciinema-demo\u0007\r\u001b[0m\u001b[27m\u001b[24m\u001b[J\u001b[1m\u001b[31m\u001b[39m\u001b[0m\u001b[1m\u001b[35m\u001b[39m\u001b[0m\u001b[1m\u001b[34mjamie\u001b[39m\u001b[0m@\u001b[35mMajesticMoose \u001b[1m\u001b[35m\u001b[33m\u001b[39m\u001b[0m\u001b[1m\u001b[33m\u001b[39m\u001b[0m\u001b[1m\u001b[33m\u001b[39m\u001b[0m\u001b[1m\u001b[31mjvt.me \u001b[39m\u001b[0m\u001b[1mtmp/asciinema-demo \u001b[0m\u001b[35m(\u001b[39mgit\u001b[35m)\u001b[33m-\u001b[35m[\u001b[32mmain\u001b[35m]\u001b[39m % \u001b[K\r\r\u001b[?2004h\u001b[0m\u001b[27m\u001b[24m\u001b[J\u001b[1m\u001b[31m\u001b[39m\u001b[0m\u001b[1m\u001b[35m\u001b[39m\u001b[0m\u001b[1m\u001b[34mjamie\u001b[39m\u001b[0m@\u001b[35mMajesticMoose \u001b[1m\u001b[35m\u001b[33m\u001b[39m\u001b[0m\u001b[1m\u001b[33m\u001b[39m\u001b[0m\u001b[1m\u001b[33m\u001b[39m\u001b[0m\u001b[1m\u001b[31mjvt.me \u001b[39m\u001b[0m\u001b[1mtmp/asciinema-demo \u001b[0m\u001b[35m(\u001b[39mgit\u001b[35m)\u001b[33m-\u001b[35m[\u001b[32mmain\u001b[35m]\u001b[39m % \u001b[K\u001b[45C \u001b[46D"]
[14.59788, "o", "\u001b[?2004l\u001b[K\r\r\n"]
