{"version": 2, "width": 118, "height": 31, "timestamp": 1536684821, "env": {"SHELL": "/bin/zsh", "TERM": "xst-256color"}}
[0.094759, "o", "\u001b[1m\u001b[7m%\u001b[27m\u001b[1m\u001b[0m                                                                                                                     \r \r"]
[0.149207, "o", "\r\u001b[0m\u001b[27m\u001b[24m\u001b[J\u001b[1m\u001b[31m\u001b[39m\u001b[0m\u001b[1m\u001b[35m\u001b[39m\u001b[0m\u001b[1m\u001b[34mjamie\u001b[39m\u001b[0m@\u001b[35mMajesticMoose \u001b[1m\u001b[35m\u001b[33m\u001b[39m\u001b[0m\u001b[1m\u001b[33m\u001b[39m\u001b[0m\u001b[1m\u001b[33m\u001b[39m\u001b[0m\u001b[1m\u001b[31mjvt.me \u001b[39m\u001b[0m\u001b[1m\u001b[0m\u001b[35m(\u001b[39mgit\u001b[35m)\u001b[33m-\u001b[35m[\u001b[32marticle/git-log-follow\u001b[35m]\u001b[39m % \u001b[K"]
[0.149427, "o", "\r\r\u001b[?2004h\u001b[0m\u001b[27m\u001b[24m\u001b[J\u001b[1m\u001b[31m\u001b[39m\u001b[0m\u001b[1m\u001b[35m\u001b[39m\u001b[0m\u001b[1m\u001b[34mjamie\u001b[39m\u001b[0m@\u001b[35mMajesticMoose \u001b[1m\u001b[35m\u001b[33m\u001b[39m\u001b[0m\u001b[1m\u001b[33m\u001b[39m\u001b[0m\u001b[1m\u001b[33m\u001b[39m\u001b[0m\u001b[1m\u001b[31mjvt.me \u001b[39m\u001b[0m\u001b[1m\u001b[0m\u001b[35m(\u001b[39mgit\u001b[35m)\u001b[33m-\u001b[35m[\u001b[32marticle/git-log-follow\u001b[35m]\u001b[39m % \u001b[K\u001b[56C \u001b[57D"]
[0.926569, "o", "g"]
[0.935365, "o", "\bgi"]
[1.131734, "o", "t"]
[1.236275, "o", " "]
[1.490988, "o", "l"]
[1.679451, "o", "o"]
[1.739764, "o", "g"]
[1.849332, "o", " "]
[2.04595, "o", "-"]
[2.178414, "o", "-"]
[4.178842, "o", "s"]
[4.411218, "o", "t"]
[4.457411, "o", "a"]
[4.52657, "o", "t"]
[4.658943, "o", " "]
[5.02012, "o", "_"]
[5.222141, "o", "p"]
[5.345757, "o", "o"]
[5.602069, "o", "sts\u001b[1m/\u001b[0m"]
[5.770794, "o", "\b\u001b[0m/w"]
[5.846344, "o", "h"]
[6.016674, "o", "y"]
[6.249068, "o", "-"]
[6.350104, "o", "g"]
[6.438992, "o", "i"]
[6.516804, "o", "t"]
[6.615915, "o", "l"]
[7.140398, "o", "\u001b[8D2017-03-25-why-you-should-use-gitlab.md\u001b[1m \u001b[0m\u001b[K"]
[7.472692, "o", "\b\u001b[K"]
[7.473204, "o", "\u001b[?1l\u001b>\u001b[?2004l\r\r\n"]
[7.514626, "o", "\u001b[?1h\u001b=\r\u001b[33mcommit 28e1ba234e887c01da3e8d62571dac1f6215612d\u001b[m\u001b[m\r\nAuthor: Jamie Tanna <jamie@jamietanna.co.uk>\u001b[m\r\nDate:   Sun Aug 5 18:37:58 2018 +0100\u001b[m\r\n\u001b[m\r\n    Correct incorrectly-cased GitHub\u001b[m\r\n    \u001b[m\r\n    As part of #206.\u001b[m\r\n\u001b[m\r\n _posts/2017-03-25-why-you-should-use-gitlab.md | 8 \u001b[32m++++\u001b[m\u001b[31m----\u001b[m\u001b[m\r\n 1 file changed, 4 insertions(+), 4 deletions(-)\u001b[m\r\n\u001b[m\r\n\u001b[33mcommit be85ad604f4a0f1bb9a5892c3651abfc375ea28a\u001b[m\u001b[33m (\u001b[m\u001b[1;31morigin/environments/review-feature-gi-9qykkw/deployments/546\u001b[m\u001b[33m)\u001b[m\u001b[m\r\nAuthor: Jamie Tanna <jamie@jamietanna.co.uk>\u001b[m\r\nDate:   Sun Apr 8 20:52:36 2018 +0100\u001b[m\r\n\u001b[m\r\n    Add GitLab logo for sharing metadata\u001b[m\r\n    \u001b[m\r\n    Closes #244.\u001b[m\r\n\u001b[m\r\n _posts/2017-03-25-why-you-should-use-gitlab.md | 1 \u001b[32m+\u001b[m\u001b[m\r\n 1 file changed, 1 insertion(+)\u001b[m\r\n\u001b[m\r\n\u001b[33mcommit 545d1d80963083a34781fa700e08bd2cd5403033\u001b[m\u001b[33m (\u001b[m\u001b[1;31morigin/environments/staging/deployments/172\u001b[m\u001b[33m, \u001b[m\u001b[1;31morigin/environments/prod\u001b[m \b\u001b[33m\u001b[m\u001b[33m\u001b[m\u001b[1;31m\u001b[m\u001b[33m\u001b[m\u001b[1;31mucti"]
[7.514795, "o", "on/deployments/173\u001b[m\u001b[33m)\u001b[m\u001b[m\r\nAuthor: Jamie Tanna <jamie@jamietanna.co.uk>\u001b[m\r\nDate:   Sat Jul 8 23:05:41 2017 +0100\u001b[m\r\n\u001b[m\r\n    Remove link for deleted Google Doc\u001b[m\r\n    \u001b[m\r\n    Turns out GitLab have now deleted the article - so we shouldn't be\u001b[m\r\n:\u001b[K"]
[10.282179, "o", "\r\u001b[K"]
[10.283369, "o", "...skipping...\r\n\u001b[m\r\n _posts/2017-03-25-why-you-should-use-gitlab.md | 78 \u001b[32m++++++++++++++++++++++++++++++++\u001b[m\u001b[31m--------------------------------\u001b[m\u001b[m\r\n 1 file changed, 39 insertions(+), 39 deletions(-)\u001b[m\r\n\u001b[m\r\n\u001b[33mcommit 6e777721c9fee2ee29aff80f613dbf0b884a056f\u001b[m\u001b[m\r\nAuthor: Jamie Tanna <jamie@jamietanna.co.uk>\u001b[m\r\nDate:   Sat Mar 25 10:47:47 2017 +0000\u001b[m\r\n\u001b[m\r\n    Fix link on Why-Gitlab article\u001b[m\r\n\u001b[m\r\n _posts/2017-03-25-why-you-should-use-gitlab.md | 2 \u001b[32m+\u001b[m\u001b[31m-\u001b[m\u001b[m\r\n 1 file changed, 1 insertion(+), 1 deletion(-)\u001b[m\r\n\u001b[m\r\n\u001b[33mcommit 51bb45c770913117650a9b8f1319bc375e518986\u001b[m\u001b[m\r\nAuthor: Jamie Tanna <jamie@jamietanna.co.uk>\u001b[m\r\nDate:   Sat Mar 25 10:45:10 2017 +0000\u001b[m\r\n\u001b[m\r\n    Remove TODO from Why-Gitlab article\u001b[m\r\n\u001b[m"]
[10.283603, "o", "\r\n _posts/2017-03-25-why-you-should-use-gitlab.md | 2 \u001b[32m+\u001b[m\u001b[31m-\u001b[m\u001b[m\r\n 1 file changed, 1 insertion(+), 1 deletion(-)\u001b[m\r\n\u001b[m\r\n\u001b[33mcommit 5239f250d87cbf9ca27097ce7ff482f2a45814ae\u001b[m\u001b[m\r\nAuthor: Jamie Tanna <jamie@jamietanna.co.uk>\u001b[m\r\nDate:   Sat Mar 25 10:36:57 2017 +0000\u001b[m\r\n\u001b[m\r\n    P"]
[10.283782, "o", "romote: Why-Gitlab article\u001b[m\r\n\u001b[m\r\n _posts/2017-03-25-why-you-should-use-gitlab.md | 197 \u001b[32m+++++++++++++++++++++++++++++++++++++++++++++++++++++++++++++++\u001b[m\u001b[m\r\n 1 file changed, 197 insertions(+)\u001b[m\r\n\u001b[01;44;33m(END)\u001b[0m\u001b[K"]
[17.185763, "o", "\r\u001b[K\u001b[?1l\u001b>"]
[17.187919, "o", "\u001b[1m\u001b[7m%\u001b[27m\u001b[1m\u001b[0m                                                                                                                     \r \r"]
[17.253424, "o", "\r\u001b[0m\u001b[27m\u001b[24m\u001b[J\u001b[1m\u001b[31m\u001b[39m\u001b[0m\u001b[1m\u001b[35m\u001b[39m\u001b[0m\u001b[1m\u001b[34mjamie\u001b[39m\u001b[0m@\u001b[35mMajesticMoose \u001b[1m\u001b[35m\u001b[33m\u001b[39m\u001b[0m\u001b[1m\u001b[33m\u001b[39m\u001b[0m\u001b[1m\u001b[33m\u001b[39m\u001b[0m\u001b[1m\u001b[31mjvt.me \u001b[39m\u001b[0m\u001b[1m\u001b[0m\u001b[35m(\u001b[39mgit\u001b[35m)\u001b[33m-\u001b[35m[\u001b[32marticle/git-log-follow\u001b[35m]\u001b[39m % \u001b[K"]
[17.253627, "o", "\r\r\u001b[?2004h\u001b[0m\u001b[27m\u001b[24m\u001b[J\u001b[1m\u001b[31m\u001b[39m\u001b[0m\u001b[1m\u001b[35m\u001b[39m\u001b[0m\u001b[1m\u001b[34mjamie\u001b[39m\u001b[0m@\u001b[35mMajesticMoose \u001b[1m\u001b[35m\u001b[33m\u001b[39m\u001b[0m\u001b[1m\u001b[33m\u001b[39m\u001b[0m\u001b[1m\u001b[33m\u001b[39m\u001b[0m\u001b[1m\u001b[31mjvt.me \u001b[39m\u001b[0m\u001b[1m\u001b[0m\u001b[35m(\u001b[39mgit\u001b[35m)\u001b[33m-\u001b[35m[\u001b[32marticle/git-log-follow\u001b[35m]\u001b[39m % \u001b[K\u001b[56C \u001b[57D"]
[17.44249, "o", "g"]
[17.532521, "o", "\bgi"]
[17.645159, "o", "t"]
[17.744264, "o", " "]
[17.882169, "o", "s"]
[18.23966, "o", "h"]
[18.447854, "o", "o"]
[18.541414, "o", "w"]
[18.639037, "o", " "]
[19.277182, "o", "\u001b[7m5239f250d87cbf9ca27097ce7ff482f2a45814ae\u001b[27m"]
[19.788342, "o", "\u001b[40D\u001b[27m5\u001b[27m2\u001b[27m3\u001b[27m9\u001b[27mf\u001b[27m2\u001b[27m5\u001b[27m0\u001b[27md\u001b[27m8\u001b[27m7\u001b[27mc\u001b[27mb\u001b[27mf\u001b[27m9\u001b[27mc\u001b[27ma\u001b[27m2\u001b[27m7\u001b[27m0\u001b[27m9\u001b[27m7\u001b[27mc\u001b[27me\u001b[27m7\u001b[27mf\u001b[27mf\u001b[27m4\u001b[27m8\u001b[27m2\u001b[27mf\u001b[27m2\u001b[27ma\u001b[27m4\u001b[27m5\u001b[27m8\u001b[27m1\u001b[27m4\u001b[27ma\u001b[27me"]
[19.788901, "o", "\u001b[?1l\u001b>\u001b[?2004l\r\r\n"]
