{"version": 2, "width": 118, "height": 31, "timestamp": 1536685446, "env": {"SHELL": "/bin/zsh", "TERM": "xst-256color"}}
[0.095142, "o", "\u001b[1m\u001b[7m%\u001b[27m\u001b[1m\u001b[0m                                                                                                                     \r \r"]
[0.14676, "o", "\r\u001b[0m\u001b[27m\u001b[24m\u001b[J\u001b[1m\u001b[31m\u001b[39m\u001b[0m\u001b[1m\u001b[35m\u001b[39m\u001b[0m\u001b[1m\u001b[34mjamie\u001b[39m\u001b[0m@\u001b[35mMajesticMoose \u001b[1m\u001b[35m\u001b[33m\u001b[39m\u001b[0m\u001b[1m\u001b[33m\u001b[39m\u001b[0m\u001b[1m\u001b[33m\u001b[39m\u001b[0m\u001b[1m\u001b[31mjvt.me \u001b[39m\u001b[0m\u001b[1m\u001b[0m\u001b[35m(\u001b[39mgit\u001b[35m)\u001b[33m-\u001b[35m[\u001b[32marticle/git-log-follow\u001b[35m]\u001b[39m\u001b[32m+\u001b[39m % \u001b[K"]
[0.146954, "o", "\r\r\u001b[?2004h\u001b[0m\u001b[27m\u001b[24m\u001b[J\u001b[1m\u001b[31m\u001b[39m\u001b[0m\u001b[1m\u001b[35m\u001b[39m\u001b[0m\u001b[1m\u001b[34mjamie\u001b[39m\u001b[0m@\u001b[35mMajesticMoose \u001b[1m\u001b[35m\u001b[33m\u001b[39m\u001b[0m\u001b[1m\u001b[33m\u001b[39m\u001b[0m\u001b[1m\u001b[33m\u001b[39m\u001b[0m\u001b[1m\u001b[31mjvt.me \u001b[39m\u001b[0m\u001b[1m\u001b[0m\u001b[35m(\u001b[39mgit\u001b[35m)\u001b[33m-\u001b[35m[\u001b[32marticle/git-log-follow\u001b[35m]\u001b[39m\u001b[32m+\u001b[39m % \u001b[K\u001b[55C \u001b[56D"]
[0.752057, "o", "g"]
[0.866679, "o", "\bgi"]
[1.09216, "o", "t"]
[1.299726, "o", " "]
[1.481334, "o", "l"]
[1.646752, "o", "o"]
[1.73924, "o", "g"]
[1.82065, "o", " "]
[1.993166, "o", "-"]
[2.090734, "o", "-"]
[2.543203, "o", "f"]
[2.714455, "o", "o"]
[2.951205, "o", "l"]
[3.070554, "o", "l"]
[3.233876, "o", "o"]
[3.3324, "o", "w"]
[3.452315, "o", " "]
[3.62917, "o", "-"]
[3.783615, "o", "-"]
[3.928652, "o", "s"]
[4.170775, "o", "t"]
[4.269337, "o", "a"]
[4.332716, "o", "t"]
[4.437862, "o", " "]
[4.701394, "o", "_"]
[4.883147, "o", "p"]
[5.022595, "o", "o"]
[5.309438, "o", "sts\u001b[1m/\u001b[0m"]
[5.38759, "o", "\b\u001b[0m/"]
[5.576718, "o", "g"]
[5.899836, "o", "\b \b"]
[6.047876, "o", "w"]
[6.427509, "o", "h"]
[6.62786, "o", "y"]
[6.881712, "o", "-"]
[6.989948, "o", "g"]
[7.095985, "o", "i"]
[7.200005, "o", "t"]
[7.281809, "o", "l"]
[7.858922, "o", "\u001b[8D2017-03-25-why-you-should-use-gitlab.md\u001b[1m \u001b[0m\u001b[K"]
[8.311659, "o", "\b\u001b[K"]
[8.312093, "o", "\u001b[?1l\u001b>\u001b[?2004l\r\r\n"]
[8.355225, "o", "\u001b[?1h\u001b=\r\u001b[33mcommit 28e1ba234e887c01da3e8d62571dac1f6215612d\u001b[m\u001b[m\r\nAuthor: Jamie Tanna <jamie@jamietanna.co.uk>\u001b[m\r\nDate:   Sun Aug 5 18:37:58 2018 +0100\u001b[m\r\n\u001b[m\r\n    Correct incorrectly-cased GitHub\u001b[m\r\n    \u001b[m\r\n    As part of #206.\u001b[m\r\n\u001b[m\r\n _posts/2017-03-25-why-you-should-use-gitlab.md | 8 \u001b[32m++++\u001b[m\u001b[31m----\u001b[m\u001b[m\r\n 1 file changed, 4 insertions(+), 4 deletions(-)\u001b[m\r\n\u001b[m\r\n\u001b[33mcommit be85ad604f4a0f1bb9a5892c3651abfc375ea28a\u001b[m\u001b[33m (\u001b[m\u001b[1;31morigin/environments/review-feature-gi-9qykkw/deployments/546\u001b[m\u001b[33m)\u001b[m\u001b[m\r\nAuthor: Jamie Tanna <jamie@jamietanna.co.uk>\u001b[m\r\nDate:   Sun Apr 8 20:52:36 2018 +0100\u001b[m\r\n\u001b[m\r\n    Add GitLab logo for sharing metadata\u001b[m\r\n    \u001b[m\r\n    Closes #244.\u001b[m\r\n\u001b[m\r\n _posts/2017-03-25-why-you-should-use-gitlab.md | 1 \u001b[32m+\u001b[m\u001b[m\r\n 1 file changed, 1 insertion(+)\u001b[m\r\n\u001b[m\r\n\u001b[33mcommit 545d1d80963083a34781fa700e08bd2cd5403033\u001b[m\u001b[33m (\u001b[m\u001b[1;31morigin/environments/staging/deployments/172\u001b[m\u001b[33m, \u001b[m\u001b[1;31morigin/environments/prod\u001b[m \b\u001b[33m\u001b[m\u001b[33m\u001b[m\u001b[1;31m\u001b[m\u001b[33m\u001b[m\u001b[1;31mucti"]
[8.355406, "o", "on/deployments/173\u001b[m\u001b[33m)\u001b[m\u001b[m\r\nAuthor: Jamie Tanna <jamie@jamietanna.co.uk>\u001b[m\r\nDate:   Sat Jul 8 23:05:41 2017 +0100\u001b[m\r\n\u001b[m\r\n    Remove link for deleted Google Doc\u001b[m\r\n    \u001b[m\r\n    Turns out GitLab have now deleted the article - so we shouldn't be\u001b[m\r\n:\u001b[K"]
[11.48385, "o", "\r\u001b[K"]
[11.485312, "o", "...skipping...\r\n\u001b[m\r\n _drafts/why-you-should-use-gitlab.md | 36 \u001b[32m+++++++++++++++++++++++++++\u001b[m\u001b[31m---------\u001b[m\u001b[m\r\n 1 file changed, 27 insertions(+), 9 deletions(-)\u001b[m\r\n\u001b[m\r\n\u001b[33mcommit f8b969c5ece43b5a4e07df95d3be57a8ac9e91ff\u001b[m\u001b[m\r\nAuthor: Jamie Tanna <jamie@jamietanna.co.uk>\u001b[m\r\nDate:   Tue Mar 21 11:58:07 2017 +0000\u001b[m\r\n\u001b[m\r\n    Update Why-Gitlab article\u001b[m\r\n\u001b[m\r\n _drafts/why-you-should-use-gitlab.md | 35 \u001b[32m++++++++++++++++++++++++\u001b[m\u001b[31m-----------\u001b[m\u001b[m\r\n"]
[11.485635, "o", " 1 file changed, 24 insertions(+), 11 deletions(-)\u001b[m\r\n\u001b[m\r\n\u001b[33mcommit 82ebf4039c25cbc17622438a3a872a76c57b59b0\u001b[m\u001b[m\r\nAuthor: Jamie Tanna <jamie@jamietanna.co.uk>\u001b[m\r\nDate:   Sun Mar 19 12:54:53 2017 +0000\u001b[m\r\n\u001b[m\r\n    Update Why-Gitlab article\u001b[m\r\n\u001b[m\r\n _drafts/why-you-should-use-gitlab.md | 37 \u001b[32m+++++++++++++++++++++++++++++++\u001b[m\u001b[31m------\u001b[m\u001b[m\r\n 1 file changed, 31 insertions(+), 6 deletions(-)\u001b[m\r\n\u001b[m\r\n\u001b[33mcommit a5d59ec5070fd92b8c90592264cb009ff603fc30\u001b[m\u001b[m\r\nAuthor: Jamie Tanna <jamie@jamietanna.co.uk>\u001b[m\r\nDate:   Fri Mar 17 00:24:53 2017 +0000\u001b[m\r\n\u001b[m\r\n  "]
[11.48596, "o", "  Add initial work for Why-Gitlab article\u001b[m\r\n\u001b[m\r\n _drafts/why-you-should-use-gitlab.md | 51 \u001b[32m+++++++++++++++++++++++++++++++++++++++++++++++++++\u001b[m\u001b[m\r\n 1 file changed, 51 insertions(+)\u001b[m\r\n\u001b[01;44;33m(END)\u001b[0m\u001b[K"]
[15.733428, "o", "\r\u001b[K\u001b[?1l\u001b>"]
[15.735856, "o", "\u001b[1m\u001b[7m%\u001b[27m\u001b[1m\u001b[0m                                                                                                                     \r \r"]
[15.800979, "o", "\r\u001b[0m\u001b[27m\u001b[24m\u001b[J\u001b[1m\u001b[31m\u001b[39m\u001b[0m\u001b[1m\u001b[35m\u001b[39m\u001b[0m\u001b[1m\u001b[34mjamie\u001b[39m\u001b[0m@\u001b[35mMajesticMoose \u001b[1m\u001b[35m\u001b[33m\u001b[39m\u001b[0m\u001b[1m\u001b[33m\u001b[39m\u001b[0m\u001b[1m\u001b[33m\u001b[39m\u001b[0m\u001b[1m\u001b[31mjvt.me \u001b[39m\u001b[0m\u001b[1m\u001b[0m\u001b[35m(\u001b[39mgit\u001b[35m)\u001b[33m-\u001b[35m[\u001b[32marticle/git-log-follow\u001b[35m]\u001b[39m\u001b[32m+\u001b[39m % \u001b[K"]
[15.801321, "o", "\r\r\u001b[?2004h\u001b[0m\u001b[27m\u001b[24m\u001b[J\u001b[1m\u001b[31m\u001b[39m\u001b[0m\u001b[1m\u001b[35m\u001b[39m\u001b[0m\u001b[1m\u001b[34mjamie\u001b[39m\u001b[0m@\u001b[35mMajesticMoose \u001b[1m\u001b[35m\u001b[33m\u001b[39m\u001b[0m\u001b[1m\u001b[33m\u001b[39m\u001b[0m\u001b[1m\u001b[33m\u001b[39m\u001b[0m\u001b[1m\u001b[31mjvt.me \u001b[39m\u001b[0m\u001b[1m\u001b[0m\u001b[35m(\u001b[39mgit\u001b[35m)\u001b[33m-\u001b[35m[\u001b[32marticle/git-log-follow\u001b[35m]\u001b[39m\u001b[32m+\u001b[39m % \u001b[K\u001b[55C \u001b[56D"]
[17.114331, "o", "\u001b[?2004l\r\r\n"]
