{"version": 2, "width": 95, "height": 40, "timestamp": 1547204394, "env": {"SHELL": "/bin/zsh", "TERM": "xst-256color"}}
[0.091779, "o", "\u001b[1m\u001b[7m%\u001b[27m\u001b[1m\u001b[0m                                                                                              \r \r"]
[0.098376, "o", "\r\u001b[0m\u001b[27m\u001b[24m\u001b[J\u001b[1m\u001b[31m\u001b[39m\u001b[0m\u001b[1m\u001b[34m/\u001b[35mblog\u001b[39m \u001b[0m% \u001b[K"]
[0.098707, "o", "\r\r\u001b[?2004h\u001b[0m\u001b[27m\u001b[24m\u001b[J\u001b[1m\u001b[31m\u001b[39m\u001b[0m\u001b[1m\u001b[34m/\u001b[35mblog\u001b[39m \u001b[0m% \u001b[K\u001b[85C \u001b[86D"]
[0.30117, "o", "l"]
[0.424791, "o", "\bls"]
[0.517097, "o", "\u001b[?1l\u001b>"]
[0.517372, "o", "\u001b[?2004l\r\r\n"]
[0.52029, "o", "404.html  Gemfile  about.md  index.md  _config.yml  \u001b[0m\u001b[01;34m_drafts\u001b[0m  \u001b[01;34m_posts\u001b[0m\r\n"]
[0.520503, "o", "\u001b[1m\u001b[7m%\u001b[27m\u001b[1m\u001b[0m                                                                                              \r \r"]
[0.528232, "o", "\r\u001b[0m\u001b[27m\u001b[24m\u001b[J\u001b[1m\u001b[31m\u001b[39m\u001b[0m\u001b[1m\u001b[34m/\u001b[35mblog\u001b[39m \u001b[0m% \u001b[K"]
[0.528537, "o", "\r\r\u001b[?2004h\u001b[0m\u001b[27m\u001b[24m\u001b[J\u001b[1m\u001b[31m\u001b[39m\u001b[0m\u001b[1m\u001b[34m/\u001b[35mblog\u001b[39m \u001b[0m% \u001b[K\u001b[85C \u001b[86D"]
[1.012185, "o", "l"]
[1.119397, "o", "\bls"]
[1.22229, "o", " "]
[1.415024, "o", "_"]
[1.527378, "o", "d"]
[1.716746, "o", "r"]
[1.91402, "o", "afts\u001b[1m/\u001b[0m"]
[2.003006, "o", "\b\u001b[0m \b"]
[2.003523, "o", "\u001b[?1l\u001b>\u001b[?2004l\r\r\n"]
[2.007976, "o", "test.md\r\n"]
[2.008279, "o", "\u001b[1m\u001b[7m%\u001b[27m\u001b[1m\u001b[0m                                                                                              \r \r"]
[2.015932, "o", "\r\u001b[0m\u001b[27m\u001b[24m\u001b[J\u001b[1m\u001b[31m\u001b[39m\u001b[0m\u001b[1m\u001b[34m/\u001b[35mblog\u001b[39m \u001b[0m% \u001b[K"]
[2.016126, "o", "\r\r\u001b[?2004h\u001b[0m\u001b[27m\u001b[24m\u001b[J\u001b[1m\u001b[31m\u001b[39m\u001b[0m\u001b[1m\u001b[34m/\u001b[35mblog\u001b[39m \u001b[0m% \u001b[K\u001b[85C \u001b[86D"]
[2.31054, "o", "j"]
[2.368066, "o", "\bje"]
[2.485134, "o", "k"]
[2.607053, "o", "yll"]
[3.033035, "o", "-"]
[3.289156, "o", "p"]
[3.362588, "o", "r"]
[3.437796, "o", "o"]
[3.624531, "o", "\b\b\b\b_\u001b[3Cmote\u001b[1m \u001b[0m"]
[4.806135, "o", "\b\u001b[0m test.md\u001b[1m \u001b[0m"]
[6.104141, "o", "\b\u001b[0m \b"]
[6.105049, "o", "\u001b[?1l\u001b>\u001b[?2004l\r\r\n"]
[6.111381, "o", "+jekyll_promote:2:cmdsubst> date -I\r\n"]
[6.116873, "o", "+jekyll_promote:2:> git mv _drafts/test.md _posts/2019-01-11-test.md\r\n"]
[6.119172, "o", "+jekyll_promote:3:> set +x\r\n"]
[6.1193, "o", "\u001b[1m\u001b[7m%\u001b[27m\u001b[1m\u001b[0m                                                                                              \r \r"]
[6.124252, "o", "\r\u001b[0m\u001b[27m\u001b[24m\u001b[J\u001b[1m\u001b[31m\u001b[39m\u001b[0m\u001b[1m\u001b[34m/\u001b[35mblog\u001b[39m \u001b[0m% \u001b[K"]
[6.12442, "o", "\r\r\u001b[?2004h\u001b[0m\u001b[27m\u001b[24m\u001b[J\u001b[1m\u001b[31m\u001b[39m\u001b[0m\u001b[1m\u001b[34m/\u001b[35mblog\u001b[39m \u001b[0m% \u001b[K\u001b[85C \u001b[86D"]
[7.271476, "o", "g"]
[7.360797, "o", "\bgi"]
[7.526821, "o", "t"]
[7.6265, "o", " "]
[7.775403, "o", "s"]
[7.966446, "o", "t"]
[8.041177, "o", "a"]
[8.105337, "o", "t"]
[8.267858, "o", "u"]
[8.378302, "o", "s"]
[8.532525, "o", "\u001b[?1l\u001b>"]
[8.53295, "o", "\u001b[?2004l\r\r\n"]
[8.537337, "o", "On branch master\r\n"]
[8.537585, "o", "Changes to be committed:\r\n  (use \"git reset HEAD <file>...\" to unstage)\r\n\r\n\t\u001b[32mrenamed:    _drafts/test.md -> _posts/2019-01-11-test.md\u001b[m\r\n\r\n"]
[8.537939, "o", "\u001b[1m\u001b[7m%\u001b[27m\u001b[1m\u001b[0m                                                                                              \r \r"]
[8.546206, "o", "\r\u001b[0m\u001b[27m\u001b[24m\u001b[J\u001b[1m\u001b[31m\u001b[39m\u001b[0m\u001b[1m\u001b[34m/\u001b[35mblog\u001b[39m \u001b[0m% \u001b[K"]
[8.546391, "o", "\r\r\u001b[?2004h\u001b[0m\u001b[27m\u001b[24m\u001b[J\u001b[1m\u001b[31m\u001b[39m\u001b[0m\u001b[1m\u001b[34m/\u001b[35mblog\u001b[39m \u001b[0m% \u001b[K\u001b[85C \u001b[86D"]
[10.938834, "o", "\u001b[?2004l\r\r\n"]
