{"version": 2, "width": 80, "height": 24, "timestamp": 1535709096, "env": {"SHELL": "/bin/zsh", "TERM": "st-256color"}}
[0.192594, "o", "\u001b[1m\u001b[7m%\u001b[27m\u001b[1m\u001b[0m                                                                               \r \r"]
[0.26639, "o", "\r\u001b[0m\u001b[27m\u001b[24m\u001b[J\u001b[1m\u001b[31m\u001b[39m\u001b[0m\u001b[1m\u001b[35m\u001b[39m\u001b[0m\u001b[1m\u001b[34mjamie\u001b[39m\u001b[0m@\u001b[35mMajesticMoose \u001b[1m\u001b[35m\u001b[33m\u001b[39m\u001b[0m\u001b[1m\u001b[33m\u001b[39m\u001b[0m\u001b[1m\u001b[33m\u001b[39m\u001b[0m\u001b[1m\u001b[31mtmp \u001b[39m\u001b[0m\u001b[1m\u001b[0m% \u001b[K"]
[0.266939, "o", "\r\r\u001b[?2004h\u001b[0m\u001b[27m\u001b[24m\u001b[J\u001b[1m\u001b[31m\u001b[39m\u001b[0m\u001b[1m\u001b[35m\u001b[39m\u001b[0m\u001b[1m\u001b[34mjamie\u001b[39m\u001b[0m@\u001b[35mMajesticMoose \u001b[1m\u001b[35m\u001b[33m\u001b[39m\u001b[0m\u001b[1m\u001b[33m\u001b[39m\u001b[0m\u001b[1m\u001b[33m\u001b[39m\u001b[0m\u001b[1m\u001b[31mtmp \u001b[39m\u001b[0m\u001b[1m\u001b[0m% \u001b[K\u001b[52C \u001b[53D"]
[0.743321, "o", "l"]
[0.842368, "o", "\bls"]
[0.933452, "o", "\u001b[?1l\u001b>"]
[0.934009, "o", "\u001b[?2004l\r\r\n"]
[0.93687, "o", "example.jwt\r\n"]
[0.937285, "o", "\u001b[1m\u001b[7m%\u001b[27m\u001b[1m\u001b[0m                                                                               \r \r"]
[1.008452, "o", "\r\u001b[0m\u001b[27m\u001b[24m\u001b[J\u001b[1m\u001b[31m\u001b[39m\u001b[0m\u001b[1m\u001b[35m\u001b[39m\u001b[0m\u001b[1m\u001b[34mjamie\u001b[39m\u001b[0m@\u001b[35mMajesticMoose \u001b[1m\u001b[35m\u001b[33m\u001b[39m\u001b[0m\u001b[1m\u001b[33m\u001b[39m\u001b[0m\u001b[1m\u001b[33m\u001b[39m\u001b[0m\u001b[1m\u001b[31mtmp \u001b[39m\u001b[0m\u001b[1m\u001b[0m% \u001b[K"]
[1.008756, "o", "\r\r\u001b[?2004h\u001b[0m\u001b[27m\u001b[24m\u001b[J\u001b[1m\u001b[31m\u001b[39m\u001b[0m\u001b[1m\u001b[35m\u001b[39m\u001b[0m\u001b[1m\u001b[34mjamie\u001b[39m\u001b[0m@\u001b[35mMajesticMoose \u001b[1m\u001b[35m\u001b[33m\u001b[39m\u001b[0m\u001b[1m\u001b[33m\u001b[39m\u001b[0m\u001b[1m\u001b[33m\u001b[39m\u001b[0m\u001b[1m\u001b[31mtmp \u001b[39m\u001b[0m\u001b[1m\u001b[0m% \u001b[K\u001b[52C \u001b[53D"]
[1.769716, "o", "c"]
[1.818857, "o", "\bca"]
[1.986056, "o", "t"]
[2.039427, "o", " "]
[2.153746, "o", "e"]
[2.299487, "o", "x"]
[2.401552, "o", "a"]
[2.626362, "o", "mple.jwt\u001b[1m \u001b[0m"]
[2.903785, "o", "\b\u001b[0m \b"]
[2.904062, "o", "\u001b[?1l\u001b>\u001b[?2004l\r\r\n"]
[2.906374, "o", "eyJhbGciOiJIUzI1NiIsInR5cCI6IkpXVCJ9.eyJzdWIiOiIxMjM0NTY3ODkwIiwibmFtZSI6IkpvaG4gRG9lIiwiaWF0IjoxNTE2MjM5MDIyfQ.SflKxwRJSMeKKF2QT4fwpMeJf36POk6yJV_adQssw5c\r\n"]
[2.906877, "o", "\u001b[1m\u001b[7m%\u001b[27m\u001b[1m\u001b[0m                                                                               \r \r"]
[2.977829, "o", "\r\u001b[0m\u001b[27m\u001b[24m\u001b[J\u001b[1m\u001b[31m\u001b[39m\u001b[0m\u001b[1m\u001b[35m\u001b[39m\u001b[0m\u001b[1m\u001b[34mjamie\u001b[39m\u001b[0m@\u001b[35mMajesticMoose \u001b[1m\u001b[35m\u001b[33m\u001b[39m\u001b[0m\u001b[1m\u001b[33m\u001b[39m\u001b[0m\u001b[1m\u001b[33m\u001b[39m\u001b[0m\u001b[1m\u001b[31mtmp \u001b[39m\u001b[0m\u001b[1m\u001b[0m% \u001b[K"]
[2.978273, "o", "\r\r\u001b[?2004h\u001b[0m\u001b[27m\u001b[24m\u001b[J\u001b[1m\u001b[31m\u001b[39m\u001b[0m\u001b[1m\u001b[35m\u001b[39m\u001b[0m\u001b[1m\u001b[34mjamie\u001b[39m\u001b[0m@\u001b[35mMajesticMoose \u001b[1m\u001b[35m\u001b[33m\u001b[39m\u001b[0m\u001b[1m\u001b[33m\u001b[39m\u001b[0m\u001b[1m\u001b[33m\u001b[39m\u001b[0m\u001b[1m\u001b[31mtmp \u001b[39m\u001b[0m\u001b[1m\u001b[0m% \u001b[K\u001b[52C \u001b[53D"]
[3.352003, "o", "c"]
[3.465176, "o", "\bch"]
[3.521729, "o", "e"]
[3.60844, "o", "f"]
[3.709326, "o", " "]
[3.774695, "o", "e"]
[3.864765, "o", "x"]
[3.957597, "o", "e"]
[4.037979, "o", "c"]
[4.197934, "o", " "]
[4.314847, "o", " "]
[4.649388, "o", "\b"]
[5.05267, "o", "\u001b[7mruby -rjson -rjwt -e \"JWT.decode(ARGF.read, \u001b[7mn\u001b[7mil, false).reverse.each { |j| puts JSON.pretty_generate j }\" example.jwt\u001b[27m\u001b[K"]
[5.761628, "o", "\u001b[A\u001b[37D\u001b[27mr\u001b[27mu\u001b[27mb\u001b[27my\u001b[27m \u001b[27m-\u001b[27mr\u001b[27mj\u001b[27ms\u001b[27mo\u001b[27mn\u001b[27m \u001b[27m-\u001b[27mr\u001b[27mj\u001b[27mw\u001b[27mt\u001b[27m \u001b[27m-\u001b[27me\u001b[27m \u001b[27m\"\u001b[27mJ\u001b[27mW\u001b[27mT\u001b[27m.\u001b[27md\u001b[27me\u001b[27mc\u001b[27mo\u001b[27md\u001b[27me\u001b[27m(\u001b[27mA\u001b[27mR\u001b[27mG\u001b[27mF\u001b[27m.\u001b[27mr\u001b[27me\u001b[27ma\u001b[27md\u001b[27m,\u001b[27m n\u001b[27mi\u001b[27ml\u001b[27m,\u001b[27m \u001b[27mf\u001b[27ma\u001b[27ml\u001b[27ms\u001b[27me\u001b[27m)\u001b[27m.\u001b[27mr\u001b[27me\u001b[27mv\u001b[27me\u001b[27mr\u001b[27ms\u001b[27me\u001b[27m.\u001b[27me\u001b[27ma\u001b[27mc\u001b[27mh\u001b[27m \u001b[27m{\u001b[27m \u001b[27m|\u001b[27mj\u001b[27m|\u001b[27m \u001b[27mp\u001b[27mu\u001b[27mt\u001b[27ms\u001b[27m \u001b[27mJ\u001b[27mS\u001b[27mO\u001b[27mN\u001b[27m.\u001b[27mp\u001b[27mr\u001b[27me\u001b[27mt\u001b[27mt\u001b[27my\u001b[27m_\u001b[27mg\u001b[27me\u001b[27mn\u001b[27me\u001b[27mr\u001b[27ma\u001b[27mt\u001b[27me\u001b[27m \u001b[27mj\u001b[27m \u001b[27m}\u001b[27m\"\u001b[27m \u001b[27me\u001b[27mx\u001b[27ma\u001b[27mm\u001b[27mp\u001b[27ml\u001b[27me\u001b[27m.\u001b[27mj\u001b[27mw\u001b[27mt"]
[5.762027, "o", "\u001b[?1l\u001b>"]
[5.762309, "o", "\u001b[?2004l"]
[5.762454, "o", "\r"]
[5.763711, "o", "\r\n"]
[6.672109, "o", "{\r\n  \"alg\": \"HS256\",\r\n  \"typ\": \"JWT\"\r\n}\r\n"]
[6.672477, "o", "{\r\n  \"sub\": \"1234567890\",\r\n  \"name\": \"John Doe\",\r\n  \"iat\": 1516239022\r\n}\r\n"]
[6.675654, "o", "\u001b[1m\u001b[7m%\u001b[27m\u001b[1m\u001b[0m                                                                               \r \r"]
[6.711483, "o", "\r\u001b[0m\u001b[27m\u001b[24m\u001b[J\u001b[1m\u001b[31m\u001b[39m\u001b[0m\u001b[1m\u001b[35m\u001b[39m\u001b[0m\u001b[1m\u001b[34mjamie\u001b[39m\u001b[0m@\u001b[35mMajesticMoose \u001b[1m\u001b[35m\u001b[33m\u001b[39m\u001b[0m\u001b[1m\u001b[33m\u001b[39m\u001b[0m\u001b[1m\u001b[33m\u001b[39m\u001b[0m\u001b[1m\u001b[31mtmp \u001b[39m\u001b[0m\u001b[1m\u001b[0m% \u001b[K"]
[6.711737, "o", "\r\r\u001b[?2004h\u001b[0m\u001b[27m\u001b[24m\u001b[J\u001b[1m\u001b[31m\u001b[39m\u001b[0m\u001b[1m\u001b[35m\u001b[39m\u001b[0m\u001b[1m\u001b[34mjamie\u001b[39m\u001b[0m@\u001b[35mMajesticMoose \u001b[1m\u001b[35m\u001b[33m\u001b[39m\u001b[0m\u001b[1m\u001b[33m\u001b[39m\u001b[0m\u001b[1m\u001b[33m\u001b[39m\u001b[0m\u001b[1m\u001b[31mtmp \u001b[39m\u001b[0m\u001b[1m\u001b[0m% \u001b[K\u001b[52C \u001b[53D"]
[9.793502, "o", "\u001b[?2004l"]
[9.793977, "o", "\r"]
[9.794225, "o", "\r\n"]
