{"version": 2, "width": 80, "height": 24, "timestamp": 1535709060, "env": {"SHELL": "/bin/zsh", "TERM": "st-256color"}}
[0.103901, "o", "\u001b[1m\u001b[7m%\u001b[27m\u001b[1m\u001b[0m                                                                               \r \r"]
[0.135839, "o", "\r\u001b[0m\u001b[27m\u001b[24m\u001b[J\u001b[1m\u001b[31m\u001b[39m\u001b[0m\u001b[1m\u001b[35m\u001b[39m\u001b[0m\u001b[1m\u001b[34mjamie\u001b[39m\u001b[0m@\u001b[35mMajesticMoose \u001b[1m\u001b[35m\u001b[33m\u001b[39m\u001b[0m\u001b[1m\u001b[33m\u001b[39m\u001b[0m\u001b[1m\u001b[33m\u001b[39m\u001b[0m\u001b[1m\u001b[31mtmp \u001b[39m\u001b[0m\u001b[1m\u001b[0m% \u001b[K"]
[0.13611, "o", "\r\r\u001b[?2004h\u001b[0m\u001b[27m\u001b[24m\u001b[J\u001b[1m\u001b[31m\u001b[39m\u001b[0m\u001b[1m\u001b[35m\u001b[39m\u001b[0m\u001b[1m\u001b[34mjamie\u001b[39m\u001b[0m@\u001b[35mMajesticMoose \u001b[1m\u001b[35m\u001b[33m\u001b[39m\u001b[0m\u001b[1m\u001b[33m\u001b[39m\u001b[0m\u001b[1m\u001b[33m\u001b[39m\u001b[0m\u001b[1m\u001b[31mtmp \u001b[39m\u001b[0m\u001b[1m\u001b[0m% \u001b[K\u001b[52C \u001b[53D"]
[1.247078, "o", "l"]
[1.347971, "o", "\bls"]
[1.480853, "o", "\u001b[?1l\u001b>"]
[1.481089, "o", "\u001b[?2004l\r\r\n"]
[1.483766, "o", "example.jwt\r\n"]
[1.48395, "o", "\u001b[1m\u001b[7m%\u001b[27m\u001b[1m\u001b[0m                                                                               \r \r"]
[1.512868, "o", "\r\u001b[0m\u001b[27m\u001b[24m\u001b[J\u001b[1m\u001b[31m\u001b[39m\u001b[0m\u001b[1m\u001b[35m\u001b[39m\u001b[0m\u001b[1m\u001b[34mjamie\u001b[39m\u001b[0m@\u001b[35mMajesticMoose \u001b[1m\u001b[35m\u001b[33m\u001b[39m\u001b[0m\u001b[1m\u001b[33m\u001b[39m\u001b[0m\u001b[1m\u001b[33m\u001b[39m\u001b[0m\u001b[1m\u001b[31mtmp \u001b[39m\u001b[0m\u001b[1m\u001b[0m% \u001b[K"]
[1.513102, "o", "\r\r\u001b[?2004h\u001b[0m\u001b[27m\u001b[24m\u001b[J\u001b[1m\u001b[31m\u001b[39m\u001b[0m\u001b[1m\u001b[35m\u001b[39m\u001b[0m\u001b[1m\u001b[34mjamie\u001b[39m\u001b[0m@\u001b[35mMajesticMoose \u001b[1m\u001b[35m\u001b[33m\u001b[39m\u001b[0m\u001b[1m\u001b[33m\u001b[39m\u001b[0m\u001b[1m\u001b[33m\u001b[39m\u001b[0m\u001b[1m\u001b[31mtmp \u001b[39m\u001b[0m\u001b[1m\u001b[0m% \u001b[K\u001b[52C \u001b[53D"]
[1.735533, "o", "c"]
[1.786334, "o", "\bca"]
[1.944336, "o", "t"]
[2.036396, "o", " "]
[2.244644, "o", "e"]
[2.390619, "o", "x"]
[2.503113, "o", "a"]
[2.616772, "o", "m"]
[2.759191, "o", "ple.jwt\u001b[1m \u001b[0m"]
[2.94757, "o", "\b\u001b[0m \b"]
[2.94778, "o", "\u001b[?1l\u001b>\u001b[?2004l\r\r\n"]
[2.950493, "o", "eyJhbGciOiJIUzI1NiIsInR5cCI6IkpXVCJ9.eyJzdWIiOiIxMjM0NTY3ODkwIiwibmFtZSI6IkpvaG4gRG9lIiwiaWF0IjoxNTE2MjM5MDIyfQ.SflKxwRJSMeKKF2QT4fwpMeJf36POk6yJV_adQssw5c\r\n"]
[2.95074, "o", "\u001b[1m\u001b[7m%\u001b[27m\u001b[1m\u001b[0m                                                                               \r \r"]
[2.98402, "o", "\r\u001b[0m\u001b[27m\u001b[24m\u001b[J\u001b[1m\u001b[31m\u001b[39m\u001b[0m\u001b[1m\u001b[35m\u001b[39m\u001b[0m\u001b[1m\u001b[34mjamie\u001b[39m\u001b[0m@\u001b[35mMajesticMoose \u001b[1m\u001b[35m\u001b[33m\u001b[39m\u001b[0m\u001b[1m\u001b[33m\u001b[39m\u001b[0m\u001b[1m\u001b[33m\u001b[39m\u001b[0m\u001b[1m\u001b[31mtmp \u001b[39m\u001b[0m\u001b[1m\u001b[0m% \u001b[K"]
[2.984212, "o", "\r\r\u001b[?2004h\u001b[0m\u001b[27m\u001b[24m\u001b[J\u001b[1m\u001b[31m\u001b[39m\u001b[0m\u001b[1m\u001b[35m\u001b[39m\u001b[0m\u001b[1m\u001b[34mjamie\u001b[39m\u001b[0m@\u001b[35mMajesticMoose \u001b[1m\u001b[35m\u001b[33m\u001b[39m\u001b[0m\u001b[1m\u001b[33m\u001b[39m\u001b[0m\u001b[1m\u001b[33m\u001b[39m\u001b[0m\u001b[1m\u001b[31mtmp \u001b[39m\u001b[0m\u001b[1m\u001b[0m% \u001b[K\u001b[52C \u001b[53D"]
[3.792628, "o", "\u001b[7mruby -rjson -rbase64 -e \"ARGF.read.split('.')[0,2].eac\u001b[7mh\u001b[7m { |f| puts JSON.pretty_generate(JSON.parse(Base64.urlsafe_decode64(f))) }\" exa\u001b[7mm\u001b[7mple.jwt\u001b[27m\u001b[K"]
[4.922195, "o", "\u001b[A\u001b[A\u001b[18C\u001b[27mr\u001b[27mu\u001b[27mb\u001b[27my\u001b[27m \u001b[27m-\u001b[27mr\u001b[27mj\u001b[27ms\u001b[27mo\u001b[27mn\u001b[27m \u001b[27m-\u001b[27mr\u001b[27mb\u001b[27ma\u001b[27ms\u001b[27me\u001b[27m6\u001b[27m4\u001b[27m \u001b[27m-\u001b[27me\u001b[27m \u001b[27m\"\u001b[27mA\u001b[27mR\u001b[27mG\u001b[27mF\u001b[27m.\u001b[27mr\u001b[27me\u001b[27ma\u001b[27md\u001b[27m.\u001b[27ms\u001b[27mp\u001b[27ml\u001b[27mi\u001b[27mt\u001b[27m(\u001b[27m'\u001b[27m.\u001b[27m'\u001b[27m)\u001b[27m[\u001b[27m0\u001b[27m,\u001b[27m2\u001b[27m]\u001b[27m.\u001b[27me\u001b[27ma\u001b[27mch\u001b[27m \u001b[27m{\u001b[27m \u001b[27m|\u001b[27mf\u001b[27m|\u001b[27m \u001b[27mp\u001b[27mu\u001b[27mt\u001b[27ms\u001b[27m \u001b[27mJ\u001b[27mS\u001b[27mO\u001b[27mN\u001b[27m.\u001b[27mp\u001b[27mr\u001b[27me\u001b[27mt\u001b[27mt\u001b[27my\u001b[27m_\u001b[27mg\u001b[27me\u001b[27mn\u001b[27me\u001b[27mr\u001b[27ma\u001b[27mt\u001b[27me\u001b[27m(\u001b[27mJ\u001b[27mS\u001b[27mO\u001b[27mN\u001b[27m.\u001b[27mp\u001b[27ma\u001b[27mr\u001b[27ms\u001b[27me\u001b[27m(\u001b[27mB\u001b[27ma\u001b[27ms\u001b[27me\u001b[27m6\u001b[27m4\u001b[27m.\u001b[27mu\u001b[27mr\u001b[27ml\u001b[27ms\u001b[27ma\u001b[27mf\u001b[27me\u001b[27m_\u001b[27md\u001b[27me\u001b[27mc\u001b[27mo\u001b[27md\u001b[27me\u001b[27m6\u001b[27m4\u001b[27m(\u001b[27mf\u001b[27m)\u001b[27m)\u001b[27m)\u001b[27m \u001b[27m}\u001b[27m\"\u001b[27m \u001b[27me\u001b[27mx\u001b[27mam\u001b[27mp\u001b[27ml\u001b[27me\u001b[27m.\u001b[27mj\u001b[27mw\u001b[27mt"]
[4.922524, "o", "\u001b[?1l\u001b>\u001b[?2004l\r\r\n"]
[4.979217, "o", "{\r\n  \"alg\": \"HS256\",\r\n  \"typ\": \"JWT\"\r\n}\r\n{\r\n  \"sub\": \"1234567890\",\r\n  \"name\": \"John Doe\",\r\n  \"iat\": 1516239022\r\n}\r\n"]
[4.980583, "o", "\u001b[1m\u001b[7m%\u001b[27m\u001b[1m\u001b[0m                                                                               \r \r"]
[5.014252, "o", "\r\u001b[0m\u001b[27m\u001b[24m\u001b[J\u001b[1m\u001b[31m\u001b[39m\u001b[0m\u001b[1m\u001b[35m\u001b[39m\u001b[0m\u001b[1m\u001b[34mjamie\u001b[39m\u001b[0m@\u001b[35mMajesticMoose \u001b[1m\u001b[35m\u001b[33m\u001b[39m\u001b[0m\u001b[1m\u001b[33m\u001b[39m\u001b[0m\u001b[1m\u001b[33m\u001b[39m\u001b[0m\u001b[1m\u001b[31mtmp \u001b[39m\u001b[0m\u001b[1m\u001b[0m% \u001b[K"]
[5.014446, "o", "\r\r\u001b[?2004h\u001b[0m\u001b[27m\u001b[24m\u001b[J\u001b[1m\u001b[31m\u001b[39m\u001b[0m\u001b[1m\u001b[35m\u001b[39m\u001b[0m\u001b[1m\u001b[34mjamie\u001b[39m\u001b[0m@\u001b[35mMajesticMoose \u001b[1m\u001b[35m\u001b[33m\u001b[39m\u001b[0m\u001b[1m\u001b[33m\u001b[39m\u001b[0m\u001b[1m\u001b[33m\u001b[39m\u001b[0m\u001b[1m\u001b[31mtmp \u001b[39m\u001b[0m\u001b[1m\u001b[0m% \u001b[K\u001b[52C \u001b[53D"]
[8.114779, "o", "\u001b[?2004l\r\r\n"]
