{
  "version": 1,
  "width": 71,
  "height": 21,
  "duration": 9.158015,
  "command": null,
  "title": null,
  "env": {
    "TERM": "xterm-256color",
    "SHELL": "/bin/zsh"
  },
  "stdout": [
    [
      0.151645,
      "\u001b[1m\u001b[7m%\u001b[27m\u001b[1m\u001b[0m                                                                      \r \r"
    ],
    [
      0.042753,
      "\u001b]0;jamie@MajesticMoose: ~/workspaces/jvt.me\u0007"
    ],
    [
      0.000291,
      "\r\u001b[0m\u001b[27m\u001b[24m\u001b[J\u001b[1m\u001b[31m\u001b[39m\u001b[0m\u001b[1m\u001b[35m\u001b[39m\u001b[0m\u001b[1m\u001b[34mjamie\u001b[39m\u001b[0m@\u001b[35mMajesticMoose \u001b[1m\u001b[35m\u001b[33m\u001b[39m\u001b[0m\u001b[1m\u001b[33m\u001b[39m\u001b[0m\u001b[1m\u001b[33m\u001b[39m\u001b[0m\u001b[1m\u001b[31mjvt.me \u001b[39m\u001b[0m\u001b[1m\u001b[0m\u001b[35m(\u001b[39mgit\u001b[35m)\u001b[33m-\u001b[35m[\u001b[32marticle/json-pretty-python\u001b[35m]\u001b[39m % \u001b[K"
    ],
    [
      2.8e-05,
      "\r\r\u001b[?2004h\u001b[0m\u001b[27m\u001b[24m\u001b[J\u001b[1m\u001b[31m\u001b[39m\u001b[0m\u001b[1m\u001b[35m\u001b[39m\u001b[0m\u001b[1m\u001b[34mjamie\u001b[39m\u001b[0m@\u001b[35mMajesticMoose \u001b[1m\u001b[35m\u001b[33m\u001b[39m\u001b[0m\u001b[1m\u001b[33m\u001b[39m\u001b[0m\u001b[1m\u001b[33m\u001b[39m\u001b[0m\u001b[1m\u001b[31mjvt.me \u001b[39m\u001b[0m\u001b[1m\u001b[0m\u001b[35m(\u001b[39mgit\u001b[35m)\u001b[33m-\u001b[35m[\u001b[32marticle/json-pretty-python\u001b[35m]\u001b[39m % \u001b[K\u001b[5C \b\b\b\b\b\b"
    ],
    [
      0.09427,
      "\u001b[H\u001b[2J\u001b[0m\u001b[27m\u001b[24m\u001b[J\u001b[1m\u001b[31m\u001b[39m\u001b[0m\u001b[1m\u001b[35m\u001b[39m\u001b[0m\u001b[1m\u001b[34mjamie\u001b[39m\u001b[0m@\u001b[35mMajesticMoose \u001b[1m\u001b[35m\u001b[33m\u001b[39m\u001b[0m\u001b[1m\u001b[33m\u001b[39m\u001b[0m\u001b[1m\u001b[33m\u001b[39m\u001b[0m\u001b[1m\u001b[31mjvt.me \u001b[39m\u001b[0m\u001b[1m\u001b[0m\u001b[35m(\u001b[39mgit\u001b[35m)\u001b[33m-\u001b[35m[\u001b[32marticle/json-pretty-python\u001b[35m]\u001b[39m % \u001b[K\u001b[5C \b\b\b\b\b\b"
    ],
    [
      1.328478,
      "p"
    ],
    [
      0.258804,
      "\bpy"
    ],
    [
      0.053258,
      "t"
    ],
    [
      0.204281,
      "h"
    ],
    [
      0.22912,
      "o\u001b[K"
    ],
    [
      0.176044,
      "n"
    ],
    [
      0.083057,
      "  \r\u001b[K"
    ],
    [
      0.241845,
      "-"
    ],
    [
      0.196353,
      "\r-m"
    ],
    [
      0.078826,
      " "
    ],
    [
      0.791046,
      "j"
    ],
    [
      0.135175,
      "s"
    ],
    [
      0.05822,
      "o"
    ],
    [
      0.164062,
      "n"
    ],
    [
      0.244928,
      "."
    ],
    [
      0.099608,
      "t"
    ],
    [
      0.115067,
      "o"
    ],
    [
      0.310248,
      "l"
    ],
    [
      0.27786,
      "\b \b"
    ],
    [
      0.094773,
      "o"
    ],
    [
      0.173594,
      "l"
    ],
    [
      0.103543,
      " "
    ],
    [
      0.189704,
      "<"
    ],
    [
      0.058494,
      " "
    ],
    [
      0.240542,
      "f"
    ],
    [
      0.059903,
      "i"
    ],
    [
      0.155674,
      "l"
    ],
    [
      0.071441,
      "e"
    ],
    [
      0.112224,
      "."
    ],
    [
      0.236043,
      "j"
    ],
    [
      0.104501,
      "s"
    ],
    [
      0.070334,
      "o"
    ],
    [
      0.16215,
      "n"
    ],
    [
      0.209063,
      "\u001b[?1l\u001b>"
    ],
    [
      3.6e-05,
      "\u001b[?2004l\r\r\n"
    ],
    [
      0.000743,
      "\u001b]0;"
    ],
    [
      7.3e-05,
      "jamie@MajesticMoose: python -m json.tool < file.json\u0007"
    ],
    [
      0.043105,
      "{\r\n    \"key\": [\r\n        123,\r\n        456\r\n    ],\r\n    "
    ],
    [
      2.6e-05,
      "\"key2\": \"value\"\r\n}\r\n"
    ],
    [
      0.007936,
      "\u001b[1m\u001b[7m%\u001b[27m\u001b[1m\u001b[0m                                                                      \r \r"
    ],
    [
      0.034681,
      "\u001b]0;jamie@MajesticMoose: ~/workspaces/jvt.me\u0007"
    ],
    [
      6.6e-05,
      "\r\u001b[0m\u001b[27m\u001b[24m\u001b[J\u001b[1m\u001b[31m\u001b[39m\u001b[0m\u001b[1m\u001b[35m\u001b[39m\u001b[0m\u001b[1m\u001b[34mjamie\u001b[39m\u001b[0m@\u001b[35mMajesticMoose \u001b[1m\u001b[35m\u001b[33m\u001b[39m\u001b[0m\u001b[1m\u001b[33m\u001b[39m\u001b[0m\u001b[1m\u001b[33m\u001b[39m\u001b[0m\u001b[1m\u001b[31mjvt.me \u001b[39m\u001b[0m\u001b[1m\u001b[0m\u001b[35m(\u001b[39mgit\u001b[35m)\u001b[33m-\u001b[35m[\u001b[32marticle/json-pretty-python\u001b[35m]\u001b[39m % \u001b[K"
    ],
    [
      0.000166,
      "\r\r\u001b[?2004h\u001b[0m\u001b[27m\u001b[24m\u001b[J\u001b[1m\u001b[31m\u001b[39m\u001b[0m\u001b[1m\u001b[35m\u001b[39m\u001b[0m\u001b[1m\u001b[34mjamie\u001b[39m\u001b[0m@\u001b[35mMajesticMoose \u001b[1m\u001b[35m\u001b[33m\u001b[39m\u001b[0m\u001b[1m\u001b[33m\u001b[39m\u001b[0m\u001b[1m\u001b[33m\u001b[39m\u001b[0m\u001b[1m\u001b[31mjvt.me \u001b[39m\u001b[0m\u001b[1m\u001b[0m\u001b[35m(\u001b[39mgit\u001b[35m)\u001b[33m-\u001b[35m[\u001b[32marticle/json-pretty-python\u001b[35m]\u001b[39m % \u001b[K\u001b[5C \b\b\b\b\b\b"
    ],
    [
      1.676388,
      "\u001b[?2004l\r\r\n"
    ]
  ]
}