{"version": 2, "width": 172, "height": 33, "timestamp": 1529345475, "env": {"SHELL": "/bin/zsh", "TERM": "st-256color"}}
[0.086067, "o", "\u001b[1m\u001b[7m%\u001b[27m\u001b[1m\u001b[0m                                                                                                                                                                           \r \r"]
[0.144038, "o", "\r\u001b[0m\u001b[27m\u001b[24m\u001b[J\u001b[1m\u001b[31m\u001b[39m\u001b[0m\u001b[1m\u001b[35m\u001b[39m\u001b[0m\u001b[1m\u001b[34mjamie\u001b[39m\u001b[0m@\u001b[35mMajesticMoose \u001b[1m\u001b[35m\u001b[33m\u001b[39m\u001b[0m\u001b[1m\u001b[33m\u001b[39m\u001b[0m\u001b[1m\u001b[33m\u001b[39m\u001b[0m\u001b[1m\u001b[31mjvt.me \u001b[39m\u001b[0m\u001b[1m\u001b[0m\u001b[35m(\u001b[39mgit\u001b[35m)\u001b[33m-\u001b[35m[\u001b[32marticle/pretty-print-json-ruby\u001b[35m]\u001b[39m % \u001b[K"]
[0.144226, "o", "\r\r\u001b[?2004h\u001b[0m\u001b[27m\u001b[24m\u001b[J\u001b[1m\u001b[31m\u001b[39m\u001b[0m\u001b[1m\u001b[35m\u001b[39m\u001b[0m\u001b[1m\u001b[34mjamie\u001b[39m\u001b[0m@\u001b[35mMajesticMoose \u001b[1m\u001b[35m\u001b[33m\u001b[39m\u001b[0m\u001b[1m\u001b[33m\u001b[39m\u001b[0m\u001b[1m\u001b[33m\u001b[39m\u001b[0m\u001b[1m\u001b[31mjvt.me \u001b[39m\u001b[0m\u001b[1m\u001b[0m\u001b[35m(\u001b[39mgit\u001b[35m)\u001b[33m-\u001b[35m[\u001b[32marticle/pretty-print-json-ruby\u001b[35m]\u001b[39m % \u001b[K\u001b[102C \u001b[103D"]
[0.805903, "o", "c"]
[0.882541, "o", "\bca"]
[1.026542, "o", "t"]
[1.093852, "o", " "]
[1.217619, "o", "f"]
[1.304996, "o", "i"]
[1.529725, "o", "l"]
[1.564606, "o", "e"]
[2.181098, "o", "."]
[2.425474, "o", "j"]
[2.491038, "o", "s"]
[2.623913, "o", "o"]
[2.777715, "o", "n"]
[2.966081, "o", "\u001b[?1l\u001b>"]
[2.966493, "o", "\u001b[?2004l\r\r\n"]
[2.969755, "o", "{\"key\":[123,456],\"key2\":\"value\"}\r\n"]
[2.970045, "o", "\u001b[1m\u001b[7m%\u001b[27m\u001b[1m\u001b[0m                                                                                                                                                                           \r \r"]
[3.027079, "o", "\r\u001b[0m\u001b[27m\u001b[24m\u001b[J\u001b[1m\u001b[31m\u001b[39m\u001b[0m\u001b[1m\u001b[35m\u001b[39m\u001b[0m\u001b[1m\u001b[34mjamie\u001b[39m\u001b[0m@\u001b[35mMajesticMoose \u001b[1m\u001b[35m\u001b[33m\u001b[39m\u001b[0m\u001b[1m\u001b[33m\u001b[39m\u001b[0m\u001b[1m\u001b[33m\u001b[39m\u001b[0m\u001b[1m\u001b[31mjvt.me \u001b[39m\u001b[0m\u001b[1m\u001b[0m\u001b[35m(\u001b[39mgit\u001b[35m)\u001b[33m-\u001b[35m[\u001b[32marticle/pretty-print-json-ruby\u001b[35m]\u001b[39m % \u001b[K"]
[3.027247, "o", "\r\r\u001b[?2004h\u001b[0m\u001b[27m\u001b[24m\u001b[J\u001b[1m\u001b[31m\u001b[39m\u001b[0m\u001b[1m\u001b[35m\u001b[39m\u001b[0m\u001b[1m\u001b[34mjamie\u001b[39m\u001b[0m@\u001b[35mMajesticMoose \u001b[1m\u001b[35m\u001b[33m\u001b[39m\u001b[0m\u001b[1m\u001b[33m\u001b[39m\u001b[0m\u001b[1m\u001b[33m\u001b[39m\u001b[0m\u001b[1m\u001b[31mjvt.me \u001b[39m\u001b[0m\u001b[1m\u001b[0m\u001b[35m(\u001b[39mgit\u001b[35m)\u001b[33m-\u001b[35m[\u001b[32marticle/pretty-print-json-ruby\u001b[35m]\u001b[39m % \u001b[K\u001b[102C \u001b[103D"]
[4.424368, "o", "r"]
[4.493923, "o", "\bru"]
[4.663273, "o", "b"]
[4.770779, "o", "y"]
[4.820722, "o", " "]
[5.080508, "o", "-"]
[5.169522, "o", "r"]
[5.562103, "o", "j"]
[5.666548, "o", "s"]
[5.753892, "o", "o"]
[5.896183, "o", "n"]
[6.000885, "o", " "]
[6.245355, "o", "-"]
[6.378893, "o", "e"]
[6.709808, "o", " "]
[7.107975, "o", "'"]
[7.367738, "o", "p"]
[7.569652, "o", "u"]
[7.643308, "o", "t"]
[7.853346, "o", "s"]
[7.944314, "o", " "]
[8.754684, "o", "J"]
[8.886823, "o", "S"]
[9.005272, "o", "O"]
[9.155169, "o", "N"]
[9.597088, "o", "."]
[9.803172, "o", "p"]
[9.899118, "o", "r"]
[9.952341, "o", "e"]
[10.095178, "o", "t"]
[10.231459, "o", "t"]
[10.311104, "o", "y"]
[10.544029, "o", "_"]
[10.726181, "o", "g"]
[10.820105, "o", "e"]
[10.940099, "o", "n"]
[11.03415, "o", "e"]
[11.101581, "o", "r"]
[11.21729, "o", "a"]
[11.294899, "o", "t"]
[11.359317, "o", "e"]
[12.313074, "o", "("]
[12.651957, "o", "j"]
[12.914701, "o", "\b \b"]
[13.083891, "o", "J"]
[13.194048, "o", "S"]
[13.329948, "o", "O"]
[13.464636, "o", "N"]
[13.727937, "o", "."]
[13.905374, "o", "p"]
[13.974557, "o", "a"]
[14.025832, "o", "r"]
[14.234641, "o", "s"]
[14.430605, "o", "e"]
[14.678196, "o", "("]
[15.492745, "o", "A"]
[15.71785, "o", "R"]
[15.98769, "o", "G"]
[16.241034, "o", "F"]
[16.667535, "o", "."]
[16.857505, "o", "r"]
[16.928728, "o", "e"]
[17.007288, "o", "a"]
[17.085136, "o", "d"]
[17.338789, "o", ")"]
[17.475666, "o", ")"]
[18.041837, "o", "'"]
[18.965955, "o", " "]
[19.08778, "o", "f"]
[19.153564, "o", "i"]
[19.337563, "o", "l"]
[19.387025, "o", "e"]
[19.5363, "o", "."]
[19.757268, "o", "j"]
[19.849501, "o", "s"]
[19.955213, "o", "o"]
[20.113224, "o", "n"]
[20.448723, "o", "\u001b[?1l\u001b>"]
[20.449179, "o", "\u001b[?2004l\r\r\n"]
[20.508108, "o", "{\r\n  \"key\": [\r\n    123,\r\n    456\r\n  ],\r\n  \"key2\": \"value\"\r\n}\r\n"]
[20.509345, "o", "\u001b[1m\u001b[7m%\u001b[27m\u001b[1m\u001b[0m                                                                                                                                                                           \r \r"]
[20.565712, "o", "\r\u001b[0m\u001b[27m\u001b[24m\u001b[J\u001b[1m\u001b[31m\u001b[39m\u001b[0m\u001b[1m\u001b[35m\u001b[39m\u001b[0m\u001b[1m\u001b[34mjamie\u001b[39m\u001b[0m@\u001b[35mMajesticMoose \u001b[1m\u001b[35m\u001b[33m\u001b[39m\u001b[0m\u001b[1m\u001b[33m\u001b[39m\u001b[0m\u001b[1m\u001b[33m\u001b[39m\u001b[0m\u001b[1m\u001b[31mjvt.me \u001b[39m\u001b[0m\u001b[1m\u001b[0m\u001b[35m(\u001b[39mgit\u001b[35m)\u001b[33m-\u001b[35m[\u001b[32marticle/pretty-print-json-ruby\u001b[35m]\u001b[39m % \u001b[K"]
[20.565872, "o", "\r\r\u001b[?2004h\u001b[0m\u001b[27m\u001b[24m\u001b[J\u001b[1m\u001b[31m\u001b[39m\u001b[0m\u001b[1m\u001b[35m\u001b[39m\u001b[0m\u001b[1m\u001b[34mjamie\u001b[39m\u001b[0m@\u001b[35mMajesticMoose \u001b[1m\u001b[35m\u001b[33m\u001b[39m\u001b[0m\u001b[1m\u001b[33m\u001b[39m\u001b[0m\u001b[1m\u001b[33m\u001b[39m\u001b[0m\u001b[1m\u001b[31mjvt.me \u001b[39m\u001b[0m\u001b[1m\u001b[0m\u001b[35m(\u001b[39mgit\u001b[35m)\u001b[33m-\u001b[35m[\u001b[32marticle/pretty-print-json-ruby\u001b[35m]\u001b[39m % \u001b[K\u001b[102C \u001b[103D"]
[21.566364, "o", "\u001b[?2004l\r\r\n"]
