{"version": 2, "width": 80, "height": 24, "timestamp": 1536691557, "env": {"SHELL": "/bin/zsh", "TERM": "xst-256color"}}
[0.097741, "o", "\u001b[1m\u001b[7m%\u001b[27m\u001b[1m\u001b[0m                                                                               \r \r"]
[0.208199, "o", "\r\u001b[0m\u001b[27m\u001b[24m\u001b[J\u001b[1m\u001b[31m\u001b[39m\u001b[0m\u001b[1m\u001b[35m\u001b[39m\u001b[0m\u001b[1m\u001b[34mjamie\u001b[39m\u001b[0m@\u001b[35mMajesticMoose \u001b[1m\u001b[35m\u001b[33m\u001b[39m\u001b[0m\u001b[1m\u001b[33m\u001b[39m\u001b[0m\u001b[1m\u001b[33m\u001b[39m\u001b[0m\u001b[1m\u001b[31mtmp \u001b[39m\u001b[0m\u001b[1mjvt.me \u001b[0m\u001b[35m(\u001b[39mgit\u001b[35m)\u001b[33m-\u001b[35m[\u001b[32mmaster\u001b[35m]\u001b[39m % \u001b[K"]
[0.208391, "o", "\r\r\u001b[?2004h\u001b[0m\u001b[27m\u001b[24m\u001b[J\u001b[1m\u001b[31m\u001b[39m\u001b[0m\u001b[1m\u001b[35m\u001b[39m\u001b[0m\u001b[1m\u001b[34mjamie\u001b[39m\u001b[0m@\u001b[35mMajesticMoose \u001b[1m\u001b[35m\u001b[33m\u001b[39m\u001b[0m\u001b[1m\u001b[33m\u001b[39m\u001b[0m\u001b[1m\u001b[33m\u001b[39m\u001b[0m\u001b[1m\u001b[31mtmp \u001b[39m\u001b[0m\u001b[1mjvt.me \u001b[0m\u001b[35m(\u001b[39mgit\u001b[35m)\u001b[33m-\u001b[35m[\u001b[32mmaster\u001b[35m]\u001b[39m % \u001b[K\u001b[30C \u001b[31D"]
[1.088005, "o", "."]
[1.148488, "o", "\b. "]
[1.538246, "o", "~"]
[1.794175, "o", "/"]
[1.99635, "o", "."]
[2.420674, "o", "j"]
[2.555117, "o", "e"]
[2.631185, "o", "k"]
[2.799552, "o", "yll-promote.zsh\u001b[1m \u001b[0m"]
[3.254846, "o", "\b\u001b[0m \b"]
[3.255366, "o", "\u001b[?1l\u001b>\u001b[?2004l\r\r\n"]
[3.256968, "o", "\u001b[1m\u001b[7m%\u001b[27m\u001b[1m\u001b[0m                                                                               \r \r"]
[3.370623, "o", "\r\u001b[0m\u001b[27m\u001b[24m\u001b[J\u001b[1m\u001b[31m\u001b[39m\u001b[0m\u001b[1m\u001b[35m\u001b[39m\u001b[0m\u001b[1m\u001b[34mjamie\u001b[39m\u001b[0m@\u001b[35mMajesticMoose \u001b[1m\u001b[35m\u001b[33m\u001b[39m\u001b[0m\u001b[1m\u001b[33m\u001b[39m\u001b[0m\u001b[1m\u001b[33m\u001b[39m\u001b[0m\u001b[1m\u001b[31mtmp \u001b[39m\u001b[0m\u001b[1mjvt.me \u001b[0m\u001b[35m(\u001b[39mgit\u001b[35m)\u001b[33m-\u001b[35m[\u001b[32mmaster\u001b[35m]\u001b[39m % \u001b[K"]
[3.370813, "o", "\r\r\u001b[?2004h\u001b[0m\u001b[27m\u001b[24m\u001b[J\u001b[1m\u001b[31m\u001b[39m\u001b[0m\u001b[1m\u001b[35m\u001b[39m\u001b[0m\u001b[1m\u001b[34mjamie\u001b[39m\u001b[0m@\u001b[35mMajesticMoose \u001b[1m\u001b[35m\u001b[33m\u001b[39m\u001b[0m\u001b[1m\u001b[33m\u001b[39m\u001b[0m\u001b[1m\u001b[33m\u001b[39m\u001b[0m\u001b[1m\u001b[31mtmp \u001b[39m\u001b[0m\u001b[1mjvt.me \u001b[0m\u001b[35m(\u001b[39mgit\u001b[35m)\u001b[33m-\u001b[35m[\u001b[32mmaster\u001b[35m]\u001b[39m % \u001b[K\u001b[30C \u001b[31D"]
[4.281579, "o", "j"]
[4.373505, "o", "\bje"]
[4.475935, "o", "k"]
[4.634192, "o", "yll"]
[4.972306, "o", "p"]
[5.164221, "o", "r"]
[5.432066, "o", "\b\b_promote\u001b[1m \u001b[0m"]
[5.823199, "o", "\b\u001b[0m "]
[5.823609, "o", "\r\r\n\u001b[0;31mcompleting \u001b[1mfile\u001b[0m\u001b[0m\r\nanalysing-your-community-and-projects.md\u001b[27m\r\ncode-is-for-computers.md\u001b[27m                \u001b[27m\r\ncontainers-dev-prod.md\u001b[27m                  \u001b[27m\r\ncontinuous-deployment-with-docker.md\u001b[27m    \u001b[27m\r\ndebugging-chef-pry.md\u001b[27m                   \u001b[27m\r\ngetting-logs-over-ssh.md\u001b[27m                \u001b[27m\r\nGIFEE.md\u001b[27m                                \u001b[27m\r\ngitlab-review-apps-netlify.md\u001b[27m           \u001b[27m\r\nquit-managing-your-infrastructure.md\u001b[27m    \u001b[27m\r\nsecret-management-vault.md\u001b[27m              \u001b[27m\r\nsecurity-automated-decryption.md\u001b[27m        \u001b[27m\r\nserverless-data-pipeline.md\u001b[27m             \u001b[27m\r\nwebsite-mars.md\u001b[27m                         \u001b[27m\r\n\u001b[Jwhy-static-site.md\u001b[27m                      \u001b[27m\u001b[J\u001b[15A\u001b[0m\u001b[27m\u001b[24m\u001b[0m\u001b[39m\r\u001b[48Cjekyll_promote\u001b[K\u001b[16C \u001b[0m\u001b[39m\u001b[16D"]
[6.612483, "o", "analysing-your-community-and-projects.md\u001b[K"]
[6.61261, "o", "\r\r\n"]
[6.612952, "o", "\u001b[0;31mcompleting \u001b[1mfile\u001b[0m\u001b[0m\u001b[K\u001b[K\r\n\u001b[7manalysing-your-community-and-projects.md\u001b[27m\u001b[K\r\ncode-is-for-computers.md\u001b[27m                \u001b[27m\u001b[K\r\ncontainers-dev-prod.md\u001b[27m                  \u001b[27m\u001b[K\r\ncontinuous-deployment-with-docker.md\u001b[27m    \u001b[27m\u001b[K\r\ndebugging-chef-pry.md\u001b[27m                   \u001b[27m\u001b[K\r\ngetting-logs-over-ssh.md\u001b[27m                \u001b[27m\u001b[K\r\nGIFEE.md\u001b[27m                                \u001b[27m\u001b[K\r\ngitlab-review-apps-netlify.md\u001b[27m           \u001b[27m\u001b[K\r\nquit-managing-your-infrastructure.md\u001b[27m    \u001b[27m\u001b[K\r\nsecret-management-vault.md\u001b[27m              \u001b[27m\u001b[K\r\nsecurity-automated-decryption.md\u001b[27m        \u001b[27m\u001b[K\r\nserverless-data-pipeline.md\u001b[27m             \u001b[27m\u001b[K\r\nwebsite-mars.md\u001b[27m                         \u001b[27m\u001b[K\r\n\u001b[Jwhy-static-site.md\u001b[27m                      \u001b[27m\u001b[J\u001b[16A\u001b[0m\u001b[27m\u001b[24m\u001b[0m\u001b[39m\r\u001b[48C"]
[6.61318, "o", "jekyll_promote analysing-your-community-and-projects.md\u001b[K\u001b[0m\u001b[39m"]
[6.837867, "o", "\r\r\n"]
[6.838092, "o", "\u001b[1B\u001b[7manalysing-your-community-and-projects.md\u001b[27m\r\u001b[7manalysing-your-community-and-projects.md\u001b[27m\r\u001b[3A\u001b[0m\u001b[27m\u001b[24m\u001b[0m\u001b[39m\r\u001b[48C"]
[6.83841, "o", "jekyll_promote analysing-your-community-and-projects.md\u001b[K\u001b[0m\u001b[39m\u001b[A\u001b[40Ccode-is-for-computer\u001b[16P\u001b[61C\u001b[K\u001b[57D"]
[6.838514, "o", "\r\r\n"]
[6.838663, "o", "\u001b[1Banalysing-your-community-and-projects.md\u001b[27m\r\u001b[1B\u001b[7mcode-is-for-computers.md                \u001b[27m\r\u001b[4A\u001b[0m\u001b[27m\u001b[24m\u001b[0m\u001b[39m\r\u001b[48C"]
[6.839172, "o", "jekyll_promote code-is-for-computers.md\u001b[K\u001b[0m\u001b[39m"]
[8.705132, "o", "\r\r\n\u001b[J\u001b[A\u001b[7C\u001b[1m \u001b[0m"]
[8.94217, "o", "\b\u001b[0m \b"]
[8.942511, "o", "\u001b[?1l\u001b>\u001b[?2004l\r\r\n\u001b[J"]
[8.947877, "o", "+jekyll_promote:2:cmdsubst> date -I\r\n"]
[8.952386, "o", "+jekyll_promote:2:> git mv _drafts/code-is-for-computers.md _posts/2018-09-11-code-is-for-computers.md\r\n"]
[9.006525, "o", "+jekyll_promote:3:> set +x\r\n"]
[9.006685, "o", "\u001b[1m\u001b[7m%\u001b[27m\u001b[1m\u001b[0m                                                                               \r \r"]
[9.067569, "o", "\r\u001b[0m\u001b[27m\u001b[24m\u001b[J\u001b[1m\u001b[31m\u001b[39m\u001b[0m\u001b[1m\u001b[35m\u001b[39m\u001b[0m\u001b[1m\u001b[34mjamie\u001b[39m\u001b[0m@\u001b[35mMajesticMoose \u001b[1m\u001b[35m\u001b[33m\u001b[39m\u001b[0m\u001b[1m\u001b[33m\u001b[39m\u001b[0m\u001b[1m\u001b[33m\u001b[39m\u001b[0m\u001b[1m\u001b[31mtmp \u001b[39m\u001b[0m\u001b[1mjvt.me \u001b[0m\u001b[35m(\u001b[39mgit\u001b[35m)\u001b[33m-\u001b[35m[\u001b[32mmaster\u001b[35m]\u001b[39m\u001b[32m+\u001b[39m % \u001b[K"]
[9.068559, "o", "\r\r\u001b[?2004h\u001b[0m\u001b[27m\u001b[24m\u001b[J\u001b[1m\u001b[31m\u001b[39m\u001b[0m\u001b[1m\u001b[35m\u001b[39m\u001b[0m\u001b[1m\u001b[34mjamie\u001b[39m\u001b[0m@\u001b[35mMajesticMoose \u001b[1m\u001b[35m\u001b[33m\u001b[39m\u001b[0m\u001b[1m\u001b[33m\u001b[39m\u001b[0m\u001b[1m\u001b[33m\u001b[39m\u001b[0m\u001b[1m\u001b[31mtmp \u001b[39m\u001b[0m\u001b[1mjvt.me \u001b[0m\u001b[35m(\u001b[39mgit\u001b[35m)\u001b[33m-\u001b[35m[\u001b[32mmaster\u001b[35m]\u001b[39m\u001b[32m+\u001b[39m % \u001b[K\u001b[29C \u001b[30D"]
[9.413429, "o", "g"]
[9.479969, "o", "\bgi"]
[9.635657, "o", "t"]
[9.804215, "o", " "]
[9.983728, "o", "d"]
